FORMNummer;KLE nummer
02;Ikke med i KLE
02.05;00.03.02
02.05.05;Ikke med i KLE
02.05.05.05;Ikke med i KLE
02.05.05.10;Ikke med i KLE
02.05.05.15;Ikke med i KLE
02.05.05.20;Ikke med i KLE
02.05.10;Ikke med i KLE
02.05.10.05;Ikke med i KLE
02.05.15;Ikke med i KLE
02.05.15.05;Ikke med i KLE
02.05.20;Ikke med i KLE
02.05.20.05;Ikke med i KLE
02.05.25;Ikke med i KLE
02.05.25.10;Ikke med i KLE
02.05.25.15;Ikke med i KLE
02.05.25.20;Ikke med i KLE
02.05.25.25;Ikke med i KLE
02.05.25.30;Ikke med i KLE
02.05.25.35;Ikke med i KLE
02.05.25.95;Ikke med i KLE
02.05.35;Ikke med i KLE
02.05.35.05;Ikke med i KLE
02.10;Ikke med i KLE
02.10.05;Ikke med i KLE
02.10.05.04;Ikke med i KLE
03;Ikke med i KLE
03.05;Ikke med i KLE
03.05.05;Ikke med i KLE
03.05.05.05;Ikke med i KLE
03.05.05.10;Ikke med i KLE
03.05.05.15;Ikke med i KLE
03.05.05.25;Ikke med i KLE
03.05.05.30;Ikke med i KLE
03.05.05.35;Ikke med i KLE
03.05.05.40;Ikke med i KLE
03.05.10;Ikke med i KLE
03.05.10.05;Ikke med i KLE
03.05.10.10;Ikke med i KLE
03.05.10.15;Ikke med i KLE
03.05.10.20;Ikke med i KLE
03.10;00.03.10
03.10.05;00.03.08
03.10.05.05;Ikke med i KLE
03.10.05.10;Ikke med i KLE
03.10.05.15;Ikke med i KLE
03.10.05.20;Ikke med i KLE
03.10.10;Ikke med i KLE
03.10.10.05;Ikke med i KLE
03.10.10.10;Ikke med i KLE
03.10.10.15;Ikke med i KLE
03.10.10.20;Ikke med i KLE
03.10.15;Ikke med i KLE
03.10.15.05;Ikke med i KLE
03.10.15.10;Ikke med i KLE
03.10.15.15;Ikke med i KLE
03.35;Ikke med i KLE
03.35.02;Ikke med i KLE
03.35.02.05;Ikke med i KLE
03.35.02.10;Ikke med i KLE
03.35.02.15;Ikke med i KLE
03.35.02.20;Ikke med i KLE
03.35.07;Ikke med i KLE
03.35.07.05;Ikke med i KLE
03.35.07.07;Ikke med i KLE
03.35.07.10;Ikke med i KLE
03.35.07.25;Ikke med i KLE
03.35.12;Ikke med i KLE
03.35.12.02;Ikke med i KLE
03.35.12.07;Ikke med i KLE
03.35.12.25;Ikke med i KLE
05;"00;84"
05.05;00.07.00
05.05.05;Ikke med i KLE
05.05.05.05;Ikke med i KLE
05.05.08;00.07.00
05.05.08.05;00.07.01
05.05.08.10;00.07.02
05.05.08.15;"00.07.03;00.07.10;85.02.01;85.02.15"
05.05.08.20;00.07.04
05.05.08.25;00.07.05
05.05.08.30;00.07.06
05.05.08.35;00.07.07
05.05.08.40;00.07.08
05.05.08.45;00.07.15
05.05.08.50;00.07.20
05.05.12;85.10.00
05.05.12.05;"85.10.03;85.10.10"
05.05.12.10;85.10.01
05.05.12.15;85.10.09
05.05.12.20;Ikke med i KLE
05.05.12.25;85.10.06
05.05.12.30;85.10.11
05.05.12.35;85.10.05
05.05.12.40;Ikke med i KLE
05.05.12.42;Ikke med i KLE
05.05.12.45;85.10.16
05.05.14;Ikke med i KLE
05.05.14.05;Ikke med i KLE
05.05.14.10;Ikke med i KLE
05.05.14.15;Ikke med i KLE
05.05.15;84.00.00
05.05.15.05;84.07.00
05.05.15.10;84.01.00
05.05.15.15;"84.02.00;84.03.00;84.03.02;84.03.03;84.03.04;84.03.05;84.03.06;84.03.07;84.03.10"
05.05.15.35;84.06.00
05.05.15.39;84.03.01
05.05.15.41;84.03.01
05.05.15.45;"84.03.08;84.03.09"
05.05.20;Ikke med i KLE
05.05.20.05;Ikke med i KLE
05.05.20.15;84.00.10
05.05.20.20;Ikke med i KLE
05.05.25;Ikke med i KLE
05.05.25.05;Ikke med i KLE
05.05.25.20;Ikke med i KLE
05.05.25.30;Ikke med i KLE
05.05.25.40;Ikke med i KLE
05.05.30;Ikke med i KLE
05.05.30.05;Ikke med i KLE
05.05.30.10;Ikke med i KLE
05.05.30.15;Ikke med i KLE
05.05.30.20;Ikke med i KLE
05.05.30.25;Ikke med i KLE
05.05.30.30;Ikke med i KLE
05.05.30.35;Ikke med i KLE
05.05.35;Ikke med i KLE
05.05.35.10;Ikke med i KLE
05.05.40;Ikke med i KLE
05.05.40.05;Ikke med i KLE
05.05.40.10;Ikke med i KLE
05.05.40.15;Ikke med i KLE
05.05.45;"00.18.00;00.22.00;81.14.00"
05.05.45.05;"00.01.00;00.07.40;00.22.00;00.22.02;00.22.04;00.24.00"
05.05.45.07;00.18.04
05.05.45.08;Ikke med i KLE
05.05.45.10;00.22.00
05.05.45.25;81.14.10
05.05.45.30;"00.18.00;00.18.02;00.18.04"
05.05.47;Ikke med i KLE
05.05.47.05;Ikke med i KLE
05.05.50;Ikke med i KLE
05.05.50.05;Ikke med i KLE
05.05.50.10;Ikke med i KLE
05.05.55;Ikke med i KLE
05.05.55.05;Ikke med i KLE
05.05.55.08;Ikke med i KLE
05.05.55.10;Ikke med i KLE
05.05.55.15;Ikke med i KLE
05.05.60;Ikke med i KLE
05.05.60.10;Ikke med i KLE
05.05.60.15;00.07.17
05.05.60.20;Ikke med i KLE
05.10;Ikke med i KLE
05.10.02;Ikke med i KLE
05.10.02.05;Ikke med i KLE
05.10.02.10;Ikke med i KLE
05.10.07;Ikke med i KLE
05.10.07.05;Ikke med i KLE
05.10.07.10;Ikke med i KLE
05.10.07.15;Ikke med i KLE
05.10.12;Ikke med i KLE
05.10.12.05;Ikke med i KLE
05.10.12.10;Ikke med i KLE
05.10.12.15;Ikke med i KLE
05.10.12.20;Ikke med i KLE
05.10.17;Ikke med i KLE
05.10.17.05;Ikke med i KLE
05.10.17.10;Ikke med i KLE
05.10.17.15;Ikke med i KLE
05.10.22;Ikke med i KLE
05.10.22.05;Ikke med i KLE
05.10.22.10;Ikke med i KLE
05.10.22.15;Ikke med i KLE
05.10.22.20;Ikke med i KLE
05.10.22.25;Ikke med i KLE
05.15;"00.13.06;00.14.00"
05.15.10;"00.13.06;00.14.00"
05.15.10.10;"00.14.00;00.14.10;00.14.20"
05.15.10.20;00.13.06
06;"00;85"
06.05;Ikke med i KLE
06.05.03;Ikke med i KLE
06.05.03.05;Ikke med i KLE
06.05.05;Ikke med i KLE
06.05.05.05;Ikke med i KLE
06.05.05.10;Ikke med i KLE
06.05.05.15;Ikke med i KLE
06.05.05.20;Ikke med i KLE
06.05.05.25;Ikke med i KLE
06.05.05.30;Ikke med i KLE
06.05.10;Ikke med i KLE
06.05.10.05;Ikke med i KLE
06.05.15;Ikke med i KLE
06.05.15.10;00.30.00
06.05.15.20;Ikke med i KLE
06.05.20;Ikke med i KLE
06.05.20.05;Ikke med i KLE
06.05.20.15;Ikke med i KLE
06.05.20.20;Ikke med i KLE
06.05.20.25;Ikke med i KLE
06.05.22;Ikke med i KLE
06.05.22.05;Ikke med i KLE
06.05.22.10;Ikke med i KLE
06.05.22.15;Ikke med i KLE
06.05.25;Ikke med i KLE
06.05.25.05;Ikke med i KLE
06.10;Ikke med i KLE
06.10.13;Ikke med i KLE
06.10.13.05;Ikke med i KLE
06.10.13.10;Ikke med i KLE
06.10.13.15;Ikke med i KLE
06.10.13.20;Ikke med i KLE
06.10.13.25;Ikke med i KLE
06.10.13.30;Ikke med i KLE
06.10.13.35;Ikke med i KLE
06.10.13.40;Ikke med i KLE
06.30;Ikke med i KLE
06.30.02;00.32.28
06.30.02.05;00.32.28
06.30.02.10;00.32.28
06.30.02.15;00.32.28
06.30.02.20;00.32.28
06.30.02.25;00.32.28
06.30.02.30;00.32.28
06.30.02.35;00.32.28
06.30.04;Ikke med i KLE
06.30.04.10;Ikke med i KLE
06.30.06;Ikke med i KLE
06.30.06.05;Ikke med i KLE
06.30.06.10;Ikke med i KLE
06.30.06.15;29.06.04
06.30.06.20;00.30.00
06.30.06.25;00.30.00
06.30.08;Ikke med i KLE
06.30.08.05;Ikke med i KLE
06.30.08.10;Ikke med i KLE
06.30.09;Ikke med i KLE
06.30.09.05;Ikke med i KLE
06.30.10;Ikke med i KLE
06.30.10.30;"15.40.00;32.21.00"
06.30.10.40;Ikke med i KLE
06.30.10.45;00.32.22
06.30.10.50;00.30.00
06.30.10.55;29.06.00
06.30.15;Ikke med i KLE
06.30.15.05;27.03.12
06.35;Ikke med i KLE
06.35.05;Ikke med i KLE
06.35.05.05;Ikke med i KLE
06.35.05.10;00.03.04
06.35.10;Ikke med i KLE
06.35.10.10;Ikke med i KLE
06.35.10.20;Ikke med i KLE
06.35.10.30;Ikke med i KLE
06.35.10.40;Ikke med i KLE
06.35.15;Ikke med i KLE
06.35.15.07;Ikke med i KLE
06.35.15.12;Ikke med i KLE
06.35.15.15;Ikke med i KLE
06.35.15.20;Ikke med i KLE
06.35.15.22;Ikke med i KLE
06.35.15.25;Ikke med i KLE
06.35.15.30;Ikke med i KLE
06.35.15.35;Ikke med i KLE
06.37;Ikke med i KLE
06.37.05;Ikke med i KLE
06.37.05.05;Ikke med i KLE
06.37.05.10;Ikke med i KLE
06.37.05.15;Ikke med i KLE
06.37.05.20;Ikke med i KLE
06.37.05.25;Ikke med i KLE
06.37.05.30;Ikke med i KLE
06.38;Ikke med i KLE
06.38.10;Ikke med i KLE
06.38.10.10;85.13.00
06.38.10.20;Ikke med i KLE
06.38.20;Ikke med i KLE
06.38.20.10;Ikke med i KLE
06.38.20.20;Ikke med i KLE
06.40;Ikke med i KLE
06.40.05;Ikke med i KLE
06.40.05.05;Ikke med i KLE
06.40.05.10;Ikke med i KLE
06.40.05.15;Ikke med i KLE
06.40.05.20;Ikke med i KLE
06.40.05.25;Ikke med i KLE
06.45;Ikke med i KLE
06.45.05;Ikke med i KLE
06.45.05.05;Ikke med i KLE
06.45.05.10;Ikke med i KLE
08;23
08.15;"23.04.00;23.05.00;23.06.00;23.09.00"
08.15.05;"23.05.00;23.06.00;23.09.00"
08.15.05.05;23.05.01
08.15.05.10;23.05.10
08.15.05.15;23.05.12
08.15.05.25;23.05.05
08.15.05.45;23.09.15
08.15.05.48;23.09.00
08.15.05.50;23.09.02
08.15.05.55;Ikke med i KLE
08.15.15;23.04.00
08.15.15.05;23.04.00
08.15.15.10;23.04.00
08.15.15.15;Ikke med i KLE
08.15.15.20;Ikke med i KLE
08.20;"27.69.56;27.69.60"
08.20.05;Ikke med i KLE
08.20.05.05;Ikke med i KLE
08.20.05.10;Ikke med i KLE
08.20.07;27.69.60
08.20.07.10;27.69.60
08.20.07.20;27.69.60
08.20.07.30;27.69.60
08.20.07.40;27.69.60
08.20.10;27.69.56
08.20.10.10;Ikke med i KLE
08.20.10.20;27.69.56
08.20.10.30;Ikke med i KLE
08.25;Ikke med i KLE
08.25.05;23.01.02
08.25.05.05;23.01.02
08.25.05.10;"23.01.00;23.01.02;23.01.10"
08.25.05.15;Ikke med i KLE
08.25.10;Ikke med i KLE
08.25.10.05;Ikke med i KLE
08.25.10.10;Ikke med i KLE
08.25.15;"32.15.00;32.16.00"
08.25.15.05;"32.15.08;32.16.08"
08.25.15.10;"32.15.04;32.15.06;32.15.12;32.15.20;32.15.24;32.15.28;32.15.30;32.15.34;32.15.40;32.15.50;32.15.60;32.16.04;32.16.06;32.16.12;32.16.20;32.16.24;32.16.28;32.16.30;32.16.34;32.16.40;32.16.50;32.16.60"
08.30;Ikke med i KLE
08.30.05;Ikke med i KLE
08.30.05.10;Ikke med i KLE
08.30.05.15;Ikke med i KLE
08.30.05.20;Ikke med i KLE
08.30.05.25;Ikke med i KLE
08.30.05.30;Ikke med i KLE
08.30.08;Ikke med i KLE
08.30.08.10;Ikke med i KLE
08.30.08.20;Ikke med i KLE
08.30.09;
08.30.09.10;Ikke med i KLE
08.30.10;Ikke med i KLE
08.30.10.05;Ikke med i KLE
08.30.10.10;Ikke med i KLE
08.30.10.15;Ikke med i KLE
08.30.10.20;Ikke med i KLE
08.30.10.25;54.17.12
08.30.10.30;Ikke med i KLE
10;"17;54"
10.02;Ikke med i KLE
10.02.05;17.00.35
10.02.05.05;17.00.35
10.02.05.10;17.00.35
10.02.05.15;17.00.35
10.02.05.20;17.00.35
10.02.05.25;17.00.35
10.02.10;83.10.00
10.02.10.10;83.10.00
10.02.15;Ikke med i KLE
10.02.15.10;Ikke med i KLE
10.02.15.20;Ikke med i KLE
10.02.15.30;Ikke med i KLE
10.02.15.40;Ikke med i KLE
10.02.35;Ikke med i KLE
10.02.35.10;Ikke med i KLE
10.02.35.20;Ikke med i KLE
10.02.45;Ikke med i KLE
10.02.45.10;Ikke med i KLE
10.02.45.15;Ikke med i KLE
10.02.45.20;Ikke med i KLE
10.02.50;Ikke med i KLE
10.02.50.10;Ikke med i KLE
10.03;17.00.30
10.03.05;17.00.30
10.03.05.05;17.00.30
10.03.05.10;17.00.30
10.03.05.15;17.00.30
10.03.10;17.00.30
10.03.10.05;17.00.30
10.03.10.10;17.00.30
10.03.10.15;Ikke med i KLE
10.03.15;Ikke med i KLE
10.03.15.05;Ikke med i KLE
10.03.15.10;Ikke med i KLE
10.03.15.15;Ikke med i KLE
10.03.20;Ikke med i KLE
10.03.20.05;Ikke med i KLE
10.03.20.10;54.18.16
10.06;17
10.06.05;Ikke med i KLE
10.06.05.05;17.01.04
10.06.05.10;"17.01.10;17.01.11"
10.06.05.12;Ikke med i KLE
10.06.05.14;Ikke med i KLE
10.06.05.15;17.01.00
10.06.05.20;84.10.00
10.06.05.25;17.01.01
10.06.05.30;17.01.04
10.06.05.32;Ikke med i KLE
10.06.05.35;17.01.08
10.06.05.40;"17.21.00;17.21.01;17.21.03;17.21.05;17.21.15"
10.06.05.45;17.00.01
10.06.10;"17.20.00;17.35.00"
10.06.10.05;"17.20.04;17.20.05"
10.06.10.10;17.20.01
10.06.10.15;"17.20.07;17.20.16;17.20.17;17.35.16"
10.06.10.20;17.20.00
10.06.10.25;17.20.03
10.06.15;"17.02.00;17.03.00;17.04.00;17.05.00;17.15.00;21.06.00"
10.06.15.05;"17.02.11;17.02.30"
10.06.15.10;17.02.02
10.06.15.15;17.02.09
10.06.15.20;17.03.20
10.06.15.22;17.20.18
10.06.15.25;"17.15.01;17.15.02;17.15.03"
10.06.15.27;17.15.20
10.06.15.30;17.15.04
10.06.15.35;17.02.09
10.06.15.40;17.02.09
10.06.15.45;17.02.09
10.06.15.50;17.04.25
10.06.15.55;17.00.00
10.06.15.60;"17.05.00;17.05.08;17.05.10;17.05.11;17.05.20;17.05.22;17.05.26;17.05.28;17.05.30;17.05.32"
10.06.15.65;17.02.03
10.06.15.70;17.02.05
10.06.15.75;17.02.16
10.06.15.80;17.02.40
10.06.15.85;"17.02.18;17.02.24"
10.06.15.88;17.04.18
10.06.15.90;17.02.04
10.06.15.92;"17.07.00;17.07.01"
10.06.15.95;21.06.00
10.06.15.97;"17.04.00;17.04.02;17.04.03;17.04.04;17.04.05;17.04.06;17.04.07;17.04.11;17.04.13;17.04.15;17.04.20;17.04.22;17.04.23"
10.06.20;"17.01.00;17.02.00;17.05.00;17.27.00"
10.06.20.05;17.01.04
10.06.20.10;17.02.07
10.06.20.15;"17.05.15;17.27.16;17.27.25"
10.06.20.20;17.27.25
10.06.20.25;17.02.36
10.06.20.30;17.02.36
10.06.20.35;"17.05.00;17.05.08;17.05.15;17.05.22;17.05.26;17.05.28;17.05.30;17.05.32"
10.06.25;17.03.00
10.06.25.05;17.03.04
10.06.25.10;17.03.10
10.06.25.12;17.03.07
10.06.25.15;17.03.08
10.06.25.20;17.03.22
10.06.25.25;17.03.22
10.06.25.30;17.03.09
10.06.35;"17.13.00;17.35.00"
10.06.35.05;17.01.10
10.06.35.10;17.13.10
10.06.35.15;"17.35.02;17.35.04;17.35.06;17.35.08"
10.06.35.20;17.13.00
10.06.35.25;17.13.00
10.06.40;"17.11.00;17.20.00"
10.06.40.02;17.01.04
10.06.40.10;17.20.15
10.06.40.15;17.05.00
10.06.40.20;17.20.19
10.06.40.25;17.20.15
10.06.40.30;"17.11.16;17.11.20"
10.06.40.35;28.18.04
10.06.52;"18.01.00;18.09.00;18.10.00"
10.06.52.02;"18.01.00;18.01.13"
10.06.52.06;"18.09.01;18.09.02"
10.06.52.11;18.10.02
10.06.52.16;"17.02.36;17.27.25"
10.06.52.20;17.03.08
10.06.52.25;"18.10.01;18.10.06;18.10.10;18.12.05"
10.06.54;"17.11.00;17.20.00"
10.06.54.05;"17.11.00;17.11.24;17.11.28;17.20.15"
10.06.54.10;"17.11.00;17.11.24;17.11.28"
10.06.54.15;"17.03.04;17.11.00;17.11.24;17.11.28"
10.06.54.20;"17.11.00;17.11.24;17.11.28"
10.06.54.25;"17.11.00;17.11.24;17.11.28"
10.06.54.30;"17.11.00;17.11.24;17.11.28"
10.06.57;17.11.00
10.06.57.05;"17.11.24;17.11.28"
10.06.57.10;"17.11.24;17.11.28"
10.06.59;Ikke med i KLE
10.06.59.05;Ikke med i KLE
10.06.60;"17.27.00;17.27.21"
10.06.60.05;"17.27.14;17.27.16"
10.06.60.10;17.27.17
10.06.60.15;17.27.25
10.10;54
10.10.02;Ikke med i KLE
10.10.02.05;Ikke med i KLE
10.10.02.10;Ikke med i KLE
10.10.05;"54.20.00;54.22.00;54.24.00;54.26.00"
10.10.05.02;54.20.00
10.10.05.04;54.22.00
10.10.05.06;"54.24.00;54.24.02;54.24.04"
10.10.05.08;54.26.00
10.10.05.12;Ikke med i KLE
10.10.05.14;Ikke med i KLE
10.10.05.15;Ikke med i KLE
10.10.10;Ikke med i KLE
10.10.10.02;Ikke med i KLE
10.10.10.04;Ikke med i KLE
10.10.10.08;Ikke med i KLE
10.10.10.10;Ikke med i KLE
10.10.10.11;Ikke med i KLE
10.10.10.12;Ikke med i KLE
10.10.10.14;Ikke med i KLE
10.10.10.16;Ikke med i KLE
10.10.10.18;Ikke med i KLE
10.10.15;Ikke med i KLE
10.10.15.05;"15.08.00;15.08.05;15.08.06;15.08.07;15.08.10"
10.10.15.10;18.17.00
10.10.15.15;15.03.00
10.10.15.20;"54.18.00;54.18.05;54.18.08;54.18.11"
10.10.15.25;"17.27.16;17.27.17"
10.15;Ikke med i KLE
10.15.02;Ikke med i KLE
10.15.02.10;Ikke med i KLE
10.15.02.20;Ikke med i KLE
10.15.02.25;Ikke med i KLE
10.15.02.30;Ikke med i KLE
10.15.02.40;Ikke med i KLE
10.15.02.50;Ikke med i KLE
10.15.02.55;Ikke med i KLE
10.15.02.60;Ikke med i KLE
10.15.04;Ikke med i KLE
10.15.04.04;Ikke med i KLE
10.15.04.08;Ikke med i KLE
10.15.04.16;Ikke med i KLE
10.15.04.20;Ikke med i KLE
10.15.08;Ikke med i KLE
10.15.08.04;Ikke med i KLE
10.15.08.08;Ikke med i KLE
10.15.08.20;Ikke med i KLE
10.15.08.25;Ikke med i KLE
10.15.08.30;Ikke med i KLE
10.15.10;Ikke med i KLE
10.15.10.05;Ikke med i KLE
10.15.10.20;Ikke med i KLE
10.15.12;Ikke med i KLE
10.15.12.08;Ikke med i KLE
10.15.12.10;Ikke med i KLE
10.15.12.20;Ikke med i KLE
10.15.16;Ikke med i KLE
10.15.16.04;Ikke med i KLE
10.15.16.12;Ikke med i KLE
10.15.16.16;Ikke med i KLE
10.15.20;Ikke med i KLE
10.15.20.05;Ikke med i KLE
10.15.20.10;Ikke med i KLE
10.15.20.15;Ikke med i KLE
10.18;54
10.18.02;Ikke med i KLE
10.18.02.05;Ikke med i KLE
10.18.02.10;Ikke med i KLE
10.18.04;Ikke med i KLE
10.18.04.05;Ikke med i KLE
10.18.04.10;Ikke med i KLE
10.18.04.15;Ikke med i KLE
10.18.04.20;Ikke med i KLE
10.18.10;54.06.00
10.18.10.06;"54.06.00;54.06.02;54.06.04;54.06.06;54.06.08;54.06.10;54.06.12"
10.18.10.12;"54.06.00;54.06.20;54.06.26"
10.18.12;"15.03.00;15.03.10"
10.18.12.05;Ikke med i KLE
10.18.12.10;Ikke med i KLE
10.18.12.15;Ikke med i KLE
10.18.12.20;Ikke med i KLE
10.18.17;Ikke med i KLE
10.18.17.05;Ikke med i KLE
10.18.17.10;Ikke med i KLE
10.18.17.15;Ikke med i KLE
10.18.17.20;Ikke med i KLE
10.18.19;Ikke med i KLE
10.18.19.08;Ikke med i KLE
10.18.19.10;Ikke med i KLE
10.18.19.15;Ikke med i KLE
10.18.22;Ikke med i KLE
10.18.22.05;Ikke med i KLE
10.18.22.10;Ikke med i KLE
10.18.22.15;Ikke med i KLE
10.18.26;54.15.00
10.18.26.05;54.15.08
10.18.26.10;54.15.28
10.18.26.15;54.15.40
10.18.26.20;Ikke med i KLE
12;Ikke med i KLE
12.30;Ikke med i KLE
12.30.05;Ikke med i KLE
12.30.05.01;Ikke med i KLE
12.30.05.02;Ikke med i KLE
12.30.05.03;Ikke med i KLE
12.30.05.06;Ikke med i KLE
12.30.05.07;Ikke med i KLE
12.30.05.10;Ikke med i KLE
12.30.05.15;Ikke med i KLE
12.30.05.20;Ikke med i KLE
12.30.10;Ikke med i KLE
12.30.10.05;Ikke med i KLE
12.30.10.10;Ikke med i KLE
12.30.15;Ikke med i KLE
12.30.15.10;Ikke med i KLE
12.30.15.15;Ikke med i KLE
12.30.18;Ikke med i KLE
12.30.18.05;Ikke med i KLE
12.30.18.10;Ikke med i KLE
12.30.20;Ikke med i KLE
12.30.20.05;Ikke med i KLE
12.30.20.10;Ikke med i KLE
12.30.30;Ikke med i KLE
12.30.30.10;Ikke med i KLE
12.30.30.20;Ikke med i KLE
12.30.30.30;Ikke med i KLE
12.30.40;Ikke med i KLE
12.30.40.10;Ikke med i KLE
14;"15;32"
14.35;Ikke med i KLE
14.35.01;Ikke med i KLE
14.35.01.05;Ikke med i KLE
14.35.01.10;Ikke med i KLE
14.35.03;Ikke med i KLE
14.35.03.05;Ikke med i KLE
14.35.03.07;Ikke med i KLE
14.35.03.08;Ikke med i KLE
14.35.03.10;Ikke med i KLE
14.35.03.11;Ikke med i KLE
14.35.03.12;Ikke med i KLE
14.35.03.13;Ikke med i KLE
14.35.03.14;Ikke med i KLE
14.35.03.15;Ikke med i KLE
14.35.03.17;15.21.20
14.35.03.20;Ikke med i KLE
14.35.03.25;Ikke med i KLE
14.35.03.27;Ikke med i KLE
14.35.03.40;Ikke med i KLE
14.35.10;Ikke med i KLE
14.35.10.05;Ikke med i KLE
14.35.15;"32.30.04;32.24.20;32.30.08"
14.35.15.05;Ikke med i KLE
14.35.15.10;Ikke med i KLE
14.35.15.15;"32.30.04;32.24.20;32.30.08"
14.35.15.20;Ikke med i KLE
14.35.15.25;Ikke med i KLE
14.35.15.30;Ikke med i KLE
14.35.15.35;Ikke med i KLE
14.35.15.40;Ikke med i KLE
14.35.15.50;Ikke med i KLE
14.35.20;Ikke med i KLE
14.35.20.05;Ikke med i KLE
14.35.20.10;Ikke med i KLE
14.35.20.15;Ikke med i KLE
14.37;Ikke med i KLE
14.37.05;"15.20.00;15.21.00;15.23.00"
14.37.05.02;"15.21.01;15.21.03;15.23.07"
14.37.05.06;"15.20.01;15.20.02;15.20.03;15.20.04;15.20.05;15.20.09;15.20.20;15.20.22;15.23.00"
14.37.05.12;Ikke med i KLE
14.37.05.20;15.20.00
14.37.10;"15.17.00;15.20.00;15.22.00"
14.37.10.05;"15.17.09;15.17.12"
14.37.10.10;15.20.24
14.37.10.15;15.20.03
14.37.10.20;"15.22.00;15.22.03;15.22.06;15.22.09"
14.37.10.22;15.17.18
14.37.10.25;15.17.26
14.37.10.30;15.17.22
14.37.15;Ikke med i KLE
14.37.15.05;15.28.00
14.37.15.10;15.01.03
14.37.15.15;32.03.24
14.37.15.20;"32.27.00;32.27.05"
14.40;Ikke med i KLE
14.40.05;"32.24.08;32.24.12;32.27.10"
14.40.05.05;32.24.08
14.40.05.10;32.24.12
14.40.05.15;32.27.10
14.40.10;"15.01.03;32.00.24;32.24.28;32.24.30;32.30.04;32.30.08"
14.40.10.05;"32.30.00;32.30.08;32.30.10;32.30.12"
14.40.10.10;"15.17.06;32.30.00;32.30.04"
14.40.10.12;"32.24.28;32.24.30"
14.40.10.15;15.01.03
14.40.10.20;32.00.24
14.40.15;"15.01.00;32.24.00"
14.40.15.05;"15.01.16;15.01.12"
14.40.15.10;"15.20.51;32.24.02;32.24.04;32.24.05;32.24.06;32.24.07"
14.40.15.12;"15.20.51;32.24.32"
14.40.15.14;"32.24.03;32.24.44;32.24.45"
14.40.15.15;Ikke med i KLE
14.40.15.20;15.01.16
14.40.15.25;32.24.52
14.40.17;32.26.14
14.40.17.05;32.26.14
14.40.20;15.20.00
14.40.20.10;15.20.03
14.40.20.20;15.21.05
14.40.20.30;15.21.05
14.40.20.40;15.20.36
14.40.20.50;15.21.30
14.45;Ikke med i KLE
14.45.07;Ikke med i KLE
14.45.07.05;Ikke med i KLE
14.45.07.10;Ikke med i KLE
14.45.07.15;Ikke med i KLE
14.45.07.16;Ikke med i KLE
14.45.07.17;Ikke med i KLE
14.45.07.18;Ikke med i KLE
14.45.07.20;Ikke med i KLE
14.45.07.25;Ikke med i KLE
14.45.10;Ikke med i KLE
14.45.10.05;Ikke med i KLE
14.45.10.10;Ikke med i KLE
14.45.10.15;Ikke med i KLE
14.45.10.20;Ikke med i KLE
14.45.15;Ikke med i KLE
14.45.15.05;Ikke med i KLE
14.45.15.10;15.06.00
14.45.15.15;Ikke med i KLE
14.45.15.20;Ikke med i KLE
14.45.15.25;Ikke med i KLE
14.45.20;Ikke med i KLE
14.45.20.02;Ikke med i KLE
14.45.20.06;Ikke med i KLE
14.45.20.12;Ikke med i KLE
14.45.20.16;Ikke med i KLE
14.45.20.20;Ikke med i KLE
14.45.20.24;Ikke med i KLE
14.45.20.28;Ikke med i KLE
14.45.20.32;Ikke med i KLE
14.45.25;Ikke med i KLE
14.45.25.10;Ikke med i KLE
14.45.25.20;Ikke med i KLE
16;"19;20;21"
16.05;Ikke med i KLE
16.05.05;Ikke med i KLE
16.05.05.02;19.03.06
16.05.05.05;Ikke med i KLE
16.05.05.10;01.05.25
16.05.05.12;Ikke med i KLE
16.05.05.15;Ikke med i KLE
16.05.05.25;01.10.00
16.05.05.35;Ikke med i KLE
16.05.05.40;Ikke med i KLE
16.05.05.45;Ikke med i KLE
16.05.07;Ikke med i KLE
16.05.07.05;Ikke med i KLE
16.05.07.10;Ikke med i KLE
16.05.07.15;Ikke med i KLE
16.05.07.20;Ikke med i KLE
16.05.10;"20.10.00;20.11.00;20.15.00;20.20.00"
16.05.10.05;20.20.00
16.05.10.07;20.15.00
16.05.10.10;"20.11.00;20.11.02;20.11.04
"
16.05.10.15;"20.10.00;20.10.02;20.10.04"
16.05.15;"19.02.00;19.02.01;19.02.02;19.02.03;19.02.04;19.02.06;19.02.09;19.02.10;19.02.11;19.02.12;19.02.15;19.02.17;19.02.18;19.02.19"
16.05.15.05;19.02.00
16.05.15.15;19.02.00
16.05.15.20;Ikke med i KLE
16.05.15.25;Ikke med i KLE
16.05.20;21.00.00
16.05.20.05;"21.00.00;21.00.01;21.00.02;21.00.03;21.00.05;21.00.07;21.00.10;21.01.00;21.01.10;21.01.12;21.01.14;21.01.16;21.01.18;21.01.20;21.02.00;21.02.05;21.02.10;21.03.00;21.05.00;21.07.00;21.08.00;21.08.01;21.08.02;21.08.03;21.08.04;21.08.06;21.09.00;21.10.00;21.11.00;21.15.00;21.20.00"
16.05.20.10;21.00.15
16.05.20.15;Ikke med i KLE
16.05.20.20;Ikke med i KLE
16.05.20.22;Ikke med i KLE
16.05.20.24;Ikke med i KLE
16.05.20.27;21.03.00
16.05.20.35;Ikke med i KLE
16.05.23;Ikke med i KLE
16.05.23.10;Ikke med i KLE
16.05.23.20;Ikke med i KLE
16.05.23.30;Ikke med i KLE
16.05.23.40;Ikke med i KLE
16.05.25;"19.03.00;19.03.01;19.03.02;19.03.03;19.03.04;19.03.06;19.03.08;19.03.10;19.03.11;19.03.15;19.03.17;19.03.22;19.03.25;19.03.30;19.03.36;19.03.44"
16.05.25.05;Ikke med i KLE
16.05.25.10;Ikke med i KLE
16.05.25.20;Ikke med i KLE
16.05.25.30;19.03.00
16.05.25.40;19.03.00
16.05.30;Ikke med i KLE
16.05.30.05;Ikke med i KLE
16.05.30.10;Ikke med i KLE
16.05.35;20.30.00
16.05.35.05;20.30.00
16.10;Ikke med i KLE
16.10.04;Ikke med i KLE
16.10.04.05;Ikke med i KLE
16.10.04.10;Ikke med i KLE
16.10.04.15;Ikke med i KLE
16.10.04.20;Ikke med i KLE
16.10.04.25;Ikke med i KLE
16.10.04.30;"20.04.01;20.04.02;20.04.05"
16.10.04.35;20.04.10
16.10.04.40;"20.08.00;20.08.02;20.08.04;20.08.06;20.08.10;20.08.12;20.08.16;20.08.20;20.08.25"
16.10.08;20.02.00
16.10.08.05;Ikke med i KLE
16.10.08.10;Ikke med i KLE
16.10.08.15;Ikke med i KLE
16.10.08.20;Ikke med i KLE
16.10.08.25;Ikke med i KLE
16.10.08.30;Ikke med i KLE
16.10.08.35;"20.02.01;20.02.03;22.09.00"
16.10.08.40;20.02.02
16.10.12;
16.10.12.05;Ikke med i KLE
16.10.16;"20.03.00;20.07.00"
16.10.16.05;"20.03.01;20.03.02"
16.10.16.10;20.03.05
16.10.16.15;"20.03.12;20.03.14"
16.10.16.20;20.03.20
16.10.16.25;"20.07.00;20.07.01;20.07.02;20.07.03;20.07.04;20.07.05;20.07.10;20.07.11;20.07.15;20.07.20;20.07.25"
16.10.20;"20.01.00
"
16.10.20.05;Ikke med i KLE
16.10.20.10;Ikke med i KLE
16.10.20.15;Ikke med i KLE
16.10.20.20;20.01.09
16.10.20.25;"20.01.01;20.01.02"
16.10.20.30;20.01.10
16.10.20.35;20.01.05
16.10.20.40;20.01.06
16.10.20.45;Ikke med i KLE
16.10.24;Ikke med i KLE
16.10.24.05;Ikke med i KLE
16.10.24.10;Ikke med i KLE
16.10.28;
16.10.28.05;00.05.07
16.10.32;20.00.00
16.10.32.10;20.00.00
16.10.32.20;Ikke med i KLE
16.10.32.30;Ikke med i KLE
16.20;Ikke med i KLE
16.20.10;Ikke med i KLE
16.20.10.10;Ikke med i KLE
16.20.10.20;Ikke med i KLE
16.20.10.30;Ikke med i KLE
16.20.10.40;Ikke med i KLE
16.20.20;Ikke med i KLE
16.20.20.10;Ikke med i KLE
16.20.20.20;Ikke med i KLE
16.20.30;
16.20.30.05;"20.05.01;20.05.10"
16.20.30.10;Ikke med i KLE
16.20.30.15;Ikke med i KLE
16.20.30.20;Ikke med i KLE
16.20.30.25;Ikke med i KLE
16.20.30.30;Ikke med i KLE
16.20.30.35;Ikke med i KLE
16.20.30.40;Ikke med i KLE
16.20.30.45;"20.05.15;20.05.16"
16.20.30.50;20.05.00
16.20.30.55;Ikke med i KLE
16.20.40;Ikke med i KLE
16.20.40.10;Ikke med i KLE
16.20.40.20;Ikke med i KLE
17;"04;18"
17.20;"18.15.00;18.18.00"
17.20.05;"18.15.00;18.18.00"
17.20.05.05;18.15.01
17.20.05.10;18.15.05
17.20.05.15;"17.11.24;17.11.28"
17.20.05.17;18.18.00
17.20.05.20;Ikke med i KLE
17.20.05.30;18.15.10
17.20.05.35;Ikke med i KLE
17.22;Ikke med i KLE
17.22.01;Ikke med i KLE
17.22.01.05;Ikke med i KLE
17.22.02;"04.04.00;04.08.00"
17.22.02.10;04.04.00
17.22.02.15;"04.08.00;04.08.09;04.08.10;04.08.11;04.08.12;04.08.14;04.08.20"
17.22.02.20;Ikke med i KLE
17.22.05;18.20.02
17.22.05.15;18.20.02
17.22.05.20;18.20.02
17.22.15;Ikke med i KLE
17.22.15.05;Ikke med i KLE
17.22.15.10;Ikke med i KLE
17.22.15.15;Ikke med i KLE
18;30
18.25;Ikke med i KLE
18.25.05;Ikke med i KLE
18.25.05.05;Ikke med i KLE
18.25.05.20;Ikke med i KLE
18.25.05.30;Ikke med i KLE
18.25.05.40;Ikke med i KLE
18.25.05.45;"84.05.00;84.05.01;84.05.02;84.05.03"
18.25.05.50;Ikke med i KLE
18.25.05.55;Ikke med i KLE
18.25.10;Ikke med i KLE
18.25.10.05;Ikke med i KLE
18.25.10.10;Ikke med i KLE
18.25.10.15;Ikke med i KLE
18.25.10.20;Ikke med i KLE
18.25.10.25;Ikke med i KLE
18.25.10.28;Ikke med i KLE
18.25.10.32;Ikke med i KLE
18.25.10.36;Ikke med i KLE
18.25.15;"04.31.00;04.31.01"
18.25.15.05;"04.31.00;04.31.09;04.31.10;04.31.11;04.31.15;04.31.20"
18.25.15.10;Ikke med i KLE
18.25.15.15;04.31.01
18.25.25;Ikke med i KLE
18.25.25.05;Ikke med i KLE
18.25.25.10;Ikke med i KLE
20;29
20.02;29.00.00
20.02.02;29.03.00
20.02.02.05;29.03.00
20.02.02.10;29.03.00
20.02.02.15;29.03.00
20.02.02.20;29.03.00
20.02.03;"29.03.00;29.30.00"
20.02.03.05;"29.03.04;29.03.08"
20.02.03.10;29.03.12
20.02.03.15;29.03.12
20.02.03.20;29.03.06
20.02.03.25;Ikke med i KLE
20.02.03.30;Ikke med i KLE
20.02.04;Ikke med i KLE
20.02.04.05;Ikke med i KLE
20.02.05;Ikke med i KLE
20.02.05.05;Ikke med i KLE
20.02.05.10;Ikke med i KLE
20.02.05.15;Ikke med i KLE
20.02.10;"01.01.02;29.30.04"
20.02.10.05;29.30.04
20.02.10.10;01.01.02
20.02.10.15;Ikke med i KLE
20.02.10.20;Ikke med i KLE
20.02.10.25;29.30.04
20.02.10.30;Ikke med i KLE
20.02.10.35;29.30.04
20.02.10.40;Ikke med i KLE
20.02.10.45;29.30.04
20.02.10.50;29.30.04
20.02.10.55;29.30.04
20.02.10.60;29.30.04
20.02.10.65;29.30.04
20.02.15;29.30.00
20.02.15.05;29.30.04
20.02.15.10;29.30.08
20.02.15.15;29.30.16
20.02.15.20;29.30.24
20.02.18;Ikke med i KLE
20.02.18.02;Ikke med i KLE
20.02.18.05;Ikke med i KLE
20.02.18.10;Ikke med i KLE
20.02.18.15;Ikke med i KLE
20.02.18.20;Ikke med i KLE
20.02.18.25;Ikke med i KLE
20.02.18.30;Ikke med i KLE
20.02.18.35;Ikke med i KLE
20.02.18.40;Ikke med i KLE
20.02.18.45;Ikke med i KLE
20.02.18.50;Ikke med i KLE
20.02.18.55;Ikke med i KLE
20.02.18.60;Ikke med i KLE
20.02.18.65;Ikke med i KLE
20.02.18.70;Ikke med i KLE
20.02.18.75;Ikke med i KLE
20.02.18.80;Ikke med i KLE
20.02.18.85;Ikke med i KLE
20.02.18.90;Ikke med i KLE
20.02.18.95;Ikke med i KLE
20.02.20;Ikke med i KLE
20.02.20.05;Ikke med i KLE
20.05;Ikke med i KLE
20.05.05;Ikke med i KLE
20.05.05.08;Ikke med i KLE
20.05.05.14;29.00.00
20.05.05.15;Ikke med i KLE
20.05.05.17;Ikke med i KLE
20.05.05.18;Ikke med i KLE
20.05.05.20;00.07.03
20.05.05.25;"00.07.07;00.07.08"
20.05.05.32;29.09.15
20.05.05.35;Ikke med i KLE
20.05.05.45;Ikke med i KLE
20.05.05.50;Ikke med i KLE
20.05.05.55;Ikke med i KLE
20.05.05.60;32.42.04
20.05.15;Ikke med i KLE
20.05.15.05;Ikke med i KLE
20.05.15.10;Ikke med i KLE
20.05.15.15;Ikke med i KLE
20.05.15.20;Ikke med i KLE
20.05.15.25;Ikke med i KLE
20.05.15.30;Ikke med i KLE
20.05.15.35;Ikke med i KLE
20.05.15.40;32.03.12
20.10;29.09.00
20.10.05;29.09.00
20.10.05.02;Ikke med i KLE
20.10.05.05;29.09.04
20.10.05.08;Ikke med i KLE
20.10.05.10;29.09.00
20.10.05.15;Ikke med i KLE
20.10.10;29.09.00
20.10.10.02;Ikke med i KLE
20.10.10.05;Ikke med i KLE
20.10.10.10;29.09.04
20.10.10.15;Ikke med i KLE
20.10.10.20;Ikke med i KLE
20.10.10.25;Ikke med i KLE
20.10.10.30;Ikke med i KLE
20.10.15;29.15.00
20.10.15.05;29.15.00
20.10.15.10;29.15.04
20.10.15.15;29.15.04
20.10.15.20;29.15.12
20.10.15.25;29.15.16
20.10.15.30;29.15.16
20.10.15.35;29.15.16
20.10.15.40;29.15.00
20.10.15.45;29.15.20
20.10.15.50;29.15.00
20.10.20;29.18.00
20.10.20.05;29.18.00
20.10.20.10;29.18.00
20.10.20.15;29.18.00
20.10.20.20;29.18.00
20.10.20.25;29.18.00
20.10.25;29.12.00
20.10.25.05;29.12.00
20.10.25.10;Ikke med i KLE
20.10.25.15;29.12.00
20.10.25.20;29.12.12
20.10.25.25;"29.12.16;29.12.20"
20.10.30;Ikke med i KLE
20.10.30.05;Ikke med i KLE
20.10.35;29.09.00
20.10.35.05;27.12.06
20.10.35.10;27.12.06
20.10.35.15;29.09.08
20.10.35.20;Ikke med i KLE
20.10.40;Ikke med i KLE
20.10.40.05;Ikke med i KLE
20.10.40.10;Ikke med i KLE
20.10.40.15;Ikke med i KLE
20.10.40.20;Ikke med i KLE
20.14;Ikke med i KLE
20.14.05;Ikke med i KLE
20.14.05.05;Ikke med i KLE
20.14.05.15;Ikke med i KLE
20.14.05.20;Ikke med i KLE
20.14.05.25;Ikke med i KLE
20.14.05.30;Ikke med i KLE
20.14.08;Ikke med i KLE
20.14.08.05;Ikke med i KLE
20.14.08.10;Ikke med i KLE
20.14.08.15;Ikke med i KLE
20.14.08.20;Ikke med i KLE
20.14.08.25;Ikke med i KLE
20.14.08.30;Ikke med i KLE
20.14.08.35;Ikke med i KLE
20.14.08.40;Ikke med i KLE
20.14.08.45;Ikke med i KLE
20.16;Ikke med i KLE
20.16.05;Ikke med i KLE
20.16.05.05;Ikke med i KLE
20.16.05.10;14.01.13
20.16.05.15;Ikke med i KLE
20.16.05.20;Ikke med i KLE
20.17;29.30.00
20.17.05;29.30.00
20.17.05.05;29.30.10
20.17.05.10;29.30.10
20.17.10;14.00.09
20.17.10.05;14.00.09
20.17.10.10;14.00.09
20.17.15;29.30.00
20.17.15.05;29.30.10
20.17.15.10;29.30.10
20.17.15.15;29.30.10
20.17.15.20;29.30.10
20.17.15.25;29.30.10
20.17.20;29.30.00
20.17.20.05;29.30.10
20.17.20.10;29.30.10
20.17.25;29.30.00
20.17.25.05;29.30.10
20.17.25.10;29.30.10
20.17.25.15;29.30.10
20.17.25.20;29.30.10
20.17.25.25;29.30.10
20.17.30;29.30.00
20.17.30.05;29.30.10
20.17.30.10;29.30.10
20.19;Ikke med i KLE
20.19.02;Ikke med i KLE
20.19.02.05;29.30.08
20.19.02.10;Ikke med i KLE
20.19.02.15;Ikke med i KLE
20.19.02.20;Ikke med i KLE
20.19.02.25;Ikke med i KLE
20.19.02.30;Ikke med i KLE
20.19.02.35;Ikke med i KLE
20.19.02.40;Ikke med i KLE
20.19.02.45;Ikke med i KLE
20.19.03;29.27.00
20.19.03.05;29.27.00
20.19.03.10;Ikke med i KLE
20.19.03.15;29.27.00
20.19.03.20;Ikke med i KLE
20.20;Ikke med i KLE
20.20.05;Ikke med i KLE
20.20.05.05;Ikke med i KLE
20.20.05.10;Ikke med i KLE
20.20.05.15;Ikke med i KLE
20.20.05.25;Ikke med i KLE
20.20.05.30;Ikke med i KLE
20.20.10;Ikke med i KLE
20.20.10.20;Ikke med i KLE
20.20.10.25;Ikke med i KLE
20.20.10.30;Ikke med i KLE
20.20.10.35;Ikke med i KLE
20.20.10.40;Ikke med i KLE
20.20.12;Ikke med i KLE
20.20.12.05;Ikke med i KLE
20.20.12.10;Ikke med i KLE
20.20.12.15;Ikke med i KLE
20.20.12.25;Ikke med i KLE
20.20.12.30;Ikke med i KLE
20.20.15;Ikke med i KLE
20.20.15.05;Ikke med i KLE
20.20.15.10;Ikke med i KLE
20.20.15.15;Ikke med i KLE
20.20.15.22;Ikke med i KLE
20.20.15.38;Ikke med i KLE
20.20.15.45;Ikke med i KLE
20.20.15.57;Ikke med i KLE
20.20.15.59;Ikke med i KLE
20.20.15.60;Ikke med i KLE
20.20.15.80;Ikke med i KLE
20.20.17;Ikke med i KLE
20.20.17.05;Ikke med i KLE
20.20.17.10;Ikke med i KLE
20.20.19;Ikke med i KLE
20.20.19.05;Ikke med i KLE
20.20.19.10;Ikke med i KLE
20.20.21;Ikke med i KLE
20.20.21.05;Ikke med i KLE
20.20.21.10;Ikke med i KLE
20.20.21.15;Ikke med i KLE
20.20.21.20;Ikke med i KLE
20.20.27;Ikke med i KLE
20.20.27.05;27.36.04
20.20.27.10;Ikke med i KLE
20.20.27.15;Ikke med i KLE
20.20.30;Ikke med i KLE
20.20.30.03;Ikke med i KLE
20.20.30.05;Ikke med i KLE
20.20.30.07;Ikke med i KLE
20.20.30.09;Ikke med i KLE
20.20.30.10;Ikke med i KLE
20.20.30.12;Ikke med i KLE
20.20.30.15;Ikke med i KLE
20.20.30.20;Ikke med i KLE
20.20.40;"27.51.00;29.24.00"
20.20.40.05;29.24.04
20.20.40.10;"27.51.04;29.24.08"
20.20.40.15;Ikke med i KLE
20.20.40.20;Ikke med i KLE
20.20.40.25;Ikke med i KLE
20.20.40.30;Ikke med i KLE
20.20.40.35;Ikke med i KLE
20.20.40.40;Ikke med i KLE
20.20.40.45;"27.24.42;27.51.04"
20.20.40.50;Ikke med i KLE
20.20.40.55;29.24.12
20.20.45;Ikke med i KLE
20.20.45.05;Ikke med i KLE
20.20.45.10;Ikke med i KLE
20.20.50;29.21.00
20.20.50.05;29.21.04
20.20.50.10;29.21.04
20.20.50.15;29.21.08
20.30;32.42.00
20.30.05;29.30.00
20.30.05.05;29.30.12
20.30.10;32.42.00
20.30.10.05;Ikke med i KLE
20.30.10.10;32.42.04
20.30.10.15;Ikke med i KLE
20.30.15;32.42.00
20.30.15.05;32.42.04
20.30.15.10;32.42.04
20.30.15.15;32.42.04
20.30.15.20;32.42.04
24;28
24.05;28.00.00
24.05.02;28.09.00
24.05.02.05;28.03.04
24.05.02.10;28.09.40
24.05.02.15;"28.09.44;28.09.48"
24.05.02.20;"28.09.16;28.09.24;84.11.00"
24.05.02.25;28.09.28
24.05.02.30;28.09.04
24.05.02.35;28.09.08
24.05.02.40;28.09.20
24.05.02.45;"28.09.12;28.09.32;28.09.36"
24.05.02.50;"27.18.00;27.18.02;27.18.12;27.18.16"
24.05.02.55;28.09.00
24.05.04;"28.03.00;28.18.00"
24.05.04.05;28.03.16
24.05.04.10;28.18.04
24.05.04.15;28.18.08
24.05.06;"28.03.00;28.12.00"
24.05.06.05;28.03.08
24.05.06.10;28.12.28
24.05.06.15;28.12.32
24.05.06.20;"28.12.08;28.12.16"
24.05.06.25;28.12.20
24.05.06.30;28.12.12
24.05.06.35;"28.12.04;28.12.24"
24.05.10;"28.03.00;28.15.00"
24.05.10.01;28.03.12
24.05.10.02;28.15.16
24.05.10.07;28.15.20
24.05.10.12;28.15.04
24.05.10.17;28.15.08
24.05.10.29;"27.18.00;27.18.02;27.18.24"
26;"27;32"
26.05;27.00.00
26.05.05;27.69.00
26.05.05.05;"32.45.04;32.45.20"
26.05.05.10;"27.69.40;84.12.00"
26.05.05.15;27.69.48
26.05.05.20;Ikke med i KLE
26.05.10;Ikke med i KLE
26.05.10.05;Ikke med i KLE
26.05.10.10;Ikke med i KLE
26.05.10.15;Ikke med i KLE
26.05.12;Ikke med i KLE
26.05.12.05;Ikke med i KLE
26.05.15;27.15.12
26.05.15.05;27.15.12
26.05.15.10;27.15.12
26.10;27.60.00
26.10.05;27.60.00
26.10.05.20;"27.60.04;27.60.08;27.60.12;27.60.14"
26.10.05.25;27.60.16
26.10.05.30;27.60.20
26.10.05.35;27.60.24
26.10.05.40;27.60.28
26.10.05.45;Ikke med i KLE
26.11;"27.36.00;27.39.00"
26.11.05;"27.36.00;27.39.00"
26.11.05.02;27.35.04
26.11.05.05;27.36.20
26.11.05.10;27.36.04
26.11.05.15;27.36.04
26.11.05.20;27.36.04
26.11.05.25;27.36.24
26.11.05.30;27.36.06
26.11.05.35;27.36.08
26.11.05.40;27.36.12
26.11.05.45;27.36.16
26.11.10;27.35.00
26.11.10.05;27.35.16
26.11.10.10;27.35.20
26.11.10.15;27.35.24
26.15;"27.24.00;27.27.00;27.42.00;27.51.00;27.54.00;27.57.00;29.09.00"
26.15.05;"27.42.00;29.09.00"
26.15.05.05;"27.42.00;27.42.04;27.42.08;27.42.12;27.42.20;27.42.24;27.42.28;27.42.32;27.42.36;27.42.40;29.09.20"
26.15.10;"27.57.00;03.22.00"
26.15.10.05;27.57.04
26.15.10.10;27.57.08
26.15.10.11;27.57.12
26.15.10.13;27.57.16
26.15.10.15;"03.22.00;03.22.05;03.22.10;03.22.15"
26.15.10.20;27.35.12
26.15.10.25;27.57.20
26.15.15;"27.51.00;27.54.00"
26.15.15.05;"27.24.42;27.51.04;27.54.08"
26.15.15.10;"27.54.00;27.54.04;27.54.08"
26.15.15.20;27.51.08
26.15.22;27.12.00
26.15.22.05;"27.12.06;27.12.08"
26.15.22.10;"27.12.04;27.12.12"
26.15.22.15;"27.12.06;27.12.12"
26.15.30;27.24.00
26.15.30.05;27.24.45
26.15.30.15;27.24.03
26.15.30.20;27.24.39
26.15.30.25;27.24.20
26.15.30.30;27.24.19
26.15.30.35;27.24.26
26.15.30.40;Ikke med i KLE
26.15.40;"27.24.00;27.27.00"
26.15.40.05;27.24.24
26.15.40.10;27.24.25
26.15.40.15;"27.27.27;27.27.30;27.27.32;27.27.33;27.27.36;27.27.39;27.27.42;27.27.45;27.27.48"
26.15.40.20;27.24.27
26.15.50;27.30.00 Anbringelsessteder, godkendelse, opfølgning og tilsyn i almindelighed
26.15.50.05;27.30.04
26.15.50.10;27.30.08
26.15.50.15;27.30.12
26.15.50.20;"27.03.26;27.03.30;27.03.34;27.30.16"
26.15.60;27.33.00
26.15.60.10;27.33.04
26.15.60.20;27.33.08
26.25;"27.00.00;32.00.00"
26.25.05;"32.00.00;32.21.00"
26.25.05.05;32.42.08
26.25.05.09;"27.63.00;27.63.04"
26.25.05.10;32.18.14
26.25.05.30;32.21.12
26.25.05.35;32.21.14
26.25.05.40;32.21.16
26.25.05.45;32.21.17
26.25.05.50;32.21.20
26.25.05.55;32.21.24
26.25.05.60;32.21.28
26.25.08;32.18.00
26.25.08.05;"32.18.04;32.18.08
"
26.25.08.10;32.18.12
26.25.08.15;27.48.04
26.25.10;"32.10.00;32.12.00"
26.25.10.05;"32.10.00;32.10.04;32.10.08;32.10.12;32.10.16;32.10.20;32.10.24;32.10.28;32.10.32;32.10.36;32.10.40;32.10.44;32.10.48;32.10.52;32.10.56;32.10.60;32.10.64;32.10.68"
26.25.10.15;"32.12.00;32.12.04;32.12.08"
26.25.15;"32.06.00;32.24.03"
26.25.15.05;32.06.04
26.25.15.10;"32.06.08;32.06.12"
26.25.15.15;32.06.16
26.30;32.03.00
26.30.05;32.03.00
26.30.05.05;"32.03.04;32.03.08;32.03.42"
26.30.05.10;"32.03.16;32.03.18;32.03.20;32.03.32;32.03.34;32.03.36;32.03.38;32.03.46"
26.30.10;32.03.00
26.30.10.05;"32.03.10;32.03.12;32.03.14"
26.30.10.10;32.03.04
26.30.10.15;Ikke med i KLE
26.30.15;Ikke med i KLE
26.30.15.05;Ikke med i KLE
26.40;"03.25.00;15.40.00;32.36.00"
26.40.10;30.10.45
26.40.10.05;30.10.45
26.40.10.10;Ikke med i KLE
26.40.10.15;29.35.00
26.40.15;"03.25.00;15.40.00;32.24.00"
26.40.15.05;"03.25.00;03.25.01;03.25.03;03.25.07;03.25.12;03.25.15;03.25.16;03.25.18;03.25.25"
26.40.15.08;15.40.15
26.40.15.15;15.40.10
26.40.15.18;"15.20.51;32.24.48"
26.40.15.20;"15.40.20;54.17.00"
26.40.15.25;15.40.00
26.40.15.30;"15.40.22;32.26.08"
26.40.20;32.36.00
26.40.20.05;32.36.00
26.40.20.10;32.36.00
30;25
30.04;25.00.00
30.04.05;Ikke med i KLE
30.04.05.05;Ikke med i KLE
30.04.05.10;Ikke med i KLE
30.04.05.15;Ikke med i KLE
30.04.05.20;Ikke med i KLE
30.04.05.25;Ikke med i KLE
30.04.10;25.10.00
30.04.10.05;25.10.15
30.04.10.10;Ikke med i KLE
30.04.10.15;Ikke med i KLE
30.06;25.20.00
30.06.05;Ikke med i KLE
30.06.05.05;Ikke med i KLE
30.06.05.10;Ikke med i KLE
30.06.05.15;Ikke med i KLE
30.06.05.17;Ikke med i KLE
30.06.05.20;Ikke med i KLE
30.06.05.25;Ikke med i KLE
30.06.05.30;Ikke med i KLE
30.06.05.35;Ikke med i KLE
30.06.05.40;Ikke med i KLE
30.06.05.45;Ikke med i KLE
30.06.05.50;Ikke med i KLE
30.06.05.55;Ikke med i KLE
30.06.10;Ikke med i KLE
30.06.10.05;Ikke med i KLE
30.06.10.10;Ikke med i KLE
30.06.10.15;Ikke med i KLE
30.06.10.20;Ikke med i KLE
30.06.15;Ikke med i KLE
30.06.15.05;Ikke med i KLE
30.06.15.10;Ikke med i KLE
30.06.15.15;Ikke med i KLE
30.06.15.20;Ikke med i KLE
30.06.15.25;Ikke med i KLE
30.06.15.30;Ikke med i KLE
30.06.15.35;Ikke med i KLE
30.06.15.40;Ikke med i KLE
30.06.20;25.20.00
30.06.20.05;25.20.10
30.06.20.10;25.20.10
30.06.20.50;Ikke med i KLE
30.06.25;Ikke med i KLE
30.06.25.05;Ikke med i KLE
30.06.25.10;Ikke med i KLE
30.06.25.15;Ikke med i KLE
30.06.25.20;Ikke med i KLE
30.06.35;Ikke med i KLE
30.06.35.05;Ikke med i KLE
30.06.40;Ikke med i KLE
30.06.40.05;Ikke med i KLE
30.06.40.10;Ikke med i KLE
30.06.45;25.03.00
30.06.45.05;25.03.00
30.06.50;25.02.00
30.06.50.05;Ikke med i KLE
30.06.50.10;"25.02.01;25.02.08"
30.06.50.15;25.02.03
30.06.50.20;25.02.09
30.15;Ikke med i KLE
30.15.05;Ikke med i KLE
30.15.05.03;Ikke med i KLE
30.15.05.06;Ikke med i KLE
30.15.05.08;Ikke med i KLE
30.15.05.10;Ikke med i KLE
30.15.05.15;Ikke med i KLE
30.15.05.20;Ikke med i KLE
30.15.10;Ikke med i KLE
30.15.10.05;Ikke med i KLE
30.15.10.07;Ikke med i KLE
30.15.10.10;Ikke med i KLE
30.15.10.15;Ikke med i KLE
30.15.10.20;Ikke med i KLE
30.15.15;Ikke med i KLE
30.15.15.05;Ikke med i KLE
30.15.15.10;Ikke med i KLE
30.15.20;Ikke med i KLE
30.15.20.05;Ikke med i KLE
30.15.20.10;Ikke med i KLE
30.15.20.15;Ikke med i KLE
30.15.20.17;Ikke med i KLE
30.15.20.18;Ikke med i KLE
30.15.20.22;Ikke med i KLE
30.15.20.25;Ikke med i KLE
30.15.20.28;Ikke med i KLE
30.15.20.30;Ikke med i KLE
30.15.20.33;Ikke med i KLE
30.15.20.35;Ikke med i KLE
30.15.20.38;Ikke med i KLE
30.15.20.43;06.01.17
30.15.20.45;Ikke med i KLE
30.15.20.48;Ikke med i KLE
30.15.20.50;Ikke med i KLE
30.15.20.53;Ikke med i KLE
30.15.20.55;Ikke med i KLE
30.15.20.58;Ikke med i KLE
30.15.23;Ikke med i KLE
30.15.23.03;Ikke med i KLE
30.15.23.06;Ikke med i KLE
30.15.23.10;Ikke med i KLE
30.15.23.14;Ikke med i KLE
30.15.23.20;Ikke med i KLE
30.15.23.25;Ikke med i KLE
30.15.23.30;Ikke med i KLE
30.15.23.35;Ikke med i KLE
30.15.23.50;Ikke med i KLE
30.15.25;Ikke med i KLE
30.15.25.05;Ikke med i KLE
30.15.25.10;Ikke med i KLE
30.15.25.15;Ikke med i KLE
30.15.27;Ikke med i KLE
30.15.27.05;Ikke med i KLE
30.15.27.10;Ikke med i KLE
30.15.27.15;Ikke med i KLE
30.15.28;Ikke med i KLE
30.15.28.05;Ikke med i KLE
30.15.28.10;Ikke med i KLE
30.15.28.15;Ikke med i KLE
30.15.30;Ikke med i KLE
30.15.30.03;Ikke med i KLE
30.15.30.08;Ikke med i KLE
30.15.30.13;Ikke med i KLE
30.15.30.15;Ikke med i KLE
30.15.30.20;Ikke med i KLE
30.15.30.25;Ikke med i KLE
30.15.30.30;Ikke med i KLE
30.15.30.35;Ikke med i KLE
30.20;Ikke med i KLE
30.20.05;Ikke med i KLE
30.20.05.05;Ikke med i KLE
30.20.05.10;Ikke med i KLE
30.20.05.15;Ikke med i KLE
30.20.05.20;Ikke med i KLE
30.20.10;Ikke med i KLE
30.20.10.05;Ikke med i KLE
30.20.10.10;Ikke med i KLE
30.20.10.15;Ikke med i KLE
30.20.10.20;Ikke med i KLE
30.20.10.25;Ikke med i KLE
30.20.10.30;Ikke med i KLE
30.20.15;Ikke med i KLE
30.20.15.05;Ikke med i KLE
30.20.15.10;Ikke med i KLE
30.20.20;Ikke med i KLE
30.20.20.05;Ikke med i KLE
30.20.20.10;Ikke med i KLE
30.20.25;Ikke med i KLE
30.20.25.05;Ikke med i KLE
30.25;25.00.01
30.25.05;25.00.01
30.25.05.10;Ikke med i KLE
30.25.05.15;Ikke med i KLE
30.25.05.20;25.00.01
30.25.05.25;25.00.01
30.25.05.30;Ikke med i KLE
30.27;"25.00.00;25.45.00;32.45.00"
30.27.05;"25.45.00;32.45.00"
30.27.05.05;"25.45.00;25.45.10;32.45.00;32.45.10;32.45.20"
30.27.10;25.00.00
30.27.10.05;25.00.00
30.27.10.10;25.00.00
34;"22;24"
34.02;Ikke med i KLE
34.02.05;Ikke med i KLE
34.02.05.05;Ikke med i KLE
34.02.05.10;Ikke med i KLE
34.02.05.15;Ikke med i KLE
34.02.05.20;Ikke med i KLE
34.02.05.25;Ikke med i KLE
34.02.05.35;Ikke med i KLE
34.02.10;Ikke med i KLE
34.02.10.05;Ikke med i KLE
34.02.10.10;Ikke med i KLE
34.02.10.15;Ikke med i KLE
34.05;24.10.00
34.05.03;24.10.00
34.05.03.03;24.10.11
34.05.03.05;24.10.00
34.05.03.12;24.10.07
34.05.03.14;24.10.07
34.05.03.16;24.10.07
34.05.03.18;24.10.07
34.05.03.22;24.10.07
34.05.03.24;24.10.07
34.05.03.26;24.10.07
34.05.03.28;24.10.07
34.05.03.30;24.10.07
34.05.03.32;24.10.07
34.05.03.34;24.10.07
34.05.03.36;24.10.07
34.05.03.38;24.10.07
34.05.03.40;24.10.07
34.05.04;Ikke med i KLE
34.05.04.05;Ikke med i KLE
34.05.04.10;Ikke med i KLE
34.05.04.15;Ikke med i KLE
34.05.04.17;Ikke med i KLE
34.05.04.20;Ikke med i KLE
34.05.04.22;Ikke med i KLE
34.05.04.25;Ikke med i KLE
34.05.04.30;Ikke med i KLE
34.05.04.35;Ikke med i KLE
34.05.04.40;Ikke med i KLE
34.05.04.45;Ikke med i KLE
34.05.04.50;Ikke med i KLE
34.05.04.55;Ikke med i KLE
34.05.05;24.10.00
34.05.05.05;Ikke med i KLE
34.05.05.10;Ikke med i KLE
34.05.05.15;24.10.00
34.05.05.20;24.10.00
34.05.15;Ikke med i KLE
34.05.15.02;Ikke med i KLE
34.05.15.06;Ikke med i KLE
34.05.15.08;Ikke med i KLE
34.05.15.10;Ikke med i KLE
34.05.15.15;Ikke med i KLE
34.05.15.25;Ikke med i KLE
34.05.15.30;Ikke med i KLE
34.05.15.37;Ikke med i KLE
34.05.15.50;Ikke med i KLE
34.05.15.55;Ikke med i KLE
34.05.15.60;Ikke med i KLE
34.05.15.65;Ikke med i KLE
34.05.15.70;Ikke med i KLE
34.05.20;Ikke med i KLE
34.05.20.05;Ikke med i KLE
34.05.20.10;Ikke med i KLE
34.05.20.15;Ikke med i KLE
34.05.20.20;Ikke med i KLE
34.05.25;Ikke med i KLE
34.05.25.05;Ikke med i KLE
34.10;Ikke med i KLE
34.10.12;Ikke med i KLE
34.10.12.10;Ikke med i KLE
34.10.12.20;Ikke med i KLE
34.10.12.30;Ikke med i KLE
34.10.12.40;Ikke med i KLE
34.10.12.50;Ikke med i KLE
34.10.12.60;Ikke med i KLE
34.10.16;Ikke med i KLE
34.10.16.10;Ikke med i KLE
34.10.16.20;Ikke med i KLE
34.10.16.50;Ikke med i KLE
34.10.20;Ikke med i KLE
34.10.20.05;Ikke med i KLE
34.10.20.10;Ikke med i KLE
34.10.20.12;Ikke med i KLE
34.10.20.15;Ikke med i KLE
34.10.20.20;Ikke med i KLE
34.10.20.22;Ikke med i KLE
34.10.20.23;Ikke med i KLE
34.10.20.25;Ikke med i KLE
34.10.25;Ikke med i KLE
34.10.25.05;Ikke med i KLE
34.10.25.20;Ikke med i KLE
34.10.25.25;Ikke med i KLE
34.10.25.30;Ikke med i KLE
34.10.30;Ikke med i KLE
34.10.30.05;Ikke med i KLE
34.10.30.10;Ikke med i KLE
34.10.35;Ikke med i KLE
34.10.35.05;Ikke med i KLE
34.10.35.10;Ikke med i KLE
34.10.40;Ikke med i KLE
34.10.40.05;Ikke med i KLE
34.10.40.10;Ikke med i KLE
34.10.40.15;Ikke med i KLE
34.10.40.20;Ikke med i KLE
34.10.40.25;Ikke med i KLE
34.10.40.30;Ikke med i KLE
34.10.40.37;Ikke med i KLE
34.10.40.38;Ikke med i KLE
34.10.40.40;Ikke med i KLE
34.10.45;Ikke med i KLE
34.10.45.15;Ikke med i KLE
34.10.45.30;Ikke med i KLE
34.10.45.40;Ikke med i KLE
34.10.50;Ikke med i KLE
34.10.50.05;Ikke med i KLE
34.10.50.10;Ikke med i KLE
34.10.50.15;Ikke med i KLE
34.20;Ikke med i KLE
34.20.05;Ikke med i KLE
34.20.05.05;Ikke med i KLE
34.20.05.07;Ikke med i KLE
34.20.05.10;14.12.22
34.20.05.15;Ikke med i KLE
34.20.05.20;Ikke med i KLE
34.20.05.25;Ikke med i KLE
34.20.10;Ikke med i KLE
34.20.10.05;Ikke med i KLE
34.20.10.10;Ikke med i KLE
34.20.10.15;Ikke med i KLE
34.25;Ikke med i KLE
34.25.05;Ikke med i KLE
34.25.05.17;Ikke med i KLE
34.25.05.25;"04.21.00;04.21.01"
34.25.10;Ikke med i KLE
34.25.10.05;"01.13.00;01.15.00;09.13.02;09.13.05"
34.25.10.10;Ikke med i KLE
34.25.15;Ikke med i KLE
34.25.15.05;Ikke med i KLE
34.25.15.10;Ikke med i KLE
34.25.15.12;09.25.00
34.25.15.15;09.08.00
34.25.15.20;Ikke med i KLE
34.25.15.25;24.03.00
34.25.15.30;Ikke med i KLE
34.25.15.50;Ikke med i KLE
34.25.20;Ikke med i KLE
34.25.20.05;Ikke med i KLE
34.25.20.15;Ikke med i KLE
34.25.20.20;Ikke med i KLE
34.25.20.25;Ikke med i KLE
34.25.20.30;Ikke med i KLE
34.25.20.35;Ikke med i KLE
34.25.20.40;Ikke med i KLE
34.25.20.45;Ikke med i KLE
34.25.20.60;Ikke med i KLE
34.25.25;Ikke med i KLE
34.25.25.05;Ikke med i KLE
34.25.25.07;Ikke med i KLE
34.25.25.09;Ikke med i KLE
34.25.25.11;Ikke med i KLE
34.25.25.15;Ikke med i KLE
34.25.25.25;Ikke med i KLE
34.25.25.40;Ikke med i KLE
34.25.30;Ikke med i KLE
34.25.30.05;Ikke med i KLE
34.25.30.10;Ikke med i KLE
34.30;Ikke med i KLE
34.30.05;Ikke med i KLE
34.30.05.05;Ikke med i KLE
34.30.05.10;Ikke med i KLE
34.30.05.15;Ikke med i KLE
34.30.05.20;Ikke med i KLE
34.30.05.25;09.25.00
34.30.05.30;Ikke med i KLE
34.30.05.35;Ikke med i KLE
34.30.05.50;Ikke med i KLE
34.30.05.55;Ikke med i KLE
34.30.10;Ikke med i KLE
34.30.10.02;Ikke med i KLE
34.30.10.05;Ikke med i KLE
34.30.10.10;Ikke med i KLE
34.30.10.15;Ikke med i KLE
34.30.10.20;Ikke med i KLE
34.30.10.30;Ikke med i KLE
34.30.10.40;Ikke med i KLE
34.35;Ikke med i KLE
34.35.05;Ikke med i KLE
34.35.05.05;Ikke med i KLE
34.35.05.15;Ikke med i KLE
34.35.05.18;Ikke med i KLE
34.35.05.22;14.12.22
34.35.05.25;Ikke med i KLE
34.35.05.30;Ikke med i KLE
34.35.05.35;Ikke med i KLE
34.35.05.40;Ikke med i KLE
34.35.05.45;Ikke med i KLE
34.35.05.50;Ikke med i KLE
34.35.10;"22.01.00;24.05.00"
34.35.10.01;Ikke med i KLE
34.35.10.03;Ikke med i KLE
34.35.10.04;Ikke med i KLE
34.35.10.05;"22.01.00;22.01.01;22.01.02;22.01.10"
34.35.10.10;"24.05.00;24.05.10"
34.35.10.15;Ikke med i KLE
34.35.10.20;Ikke med i KLE
34.35.10.22;Ikke med i KLE
34.35.10.25;Ikke med i KLE
34.35.10.26;Ikke med i KLE
34.35.10.27;Ikke med i KLE
34.35.10.28;Ikke med i KLE
34.35.10.30;Ikke med i KLE
34.35.10.31;Ikke med i KLE
34.35.10.32;Ikke med i KLE
34.35.10.34;Ikke med i KLE
34.35.10.35;Ikke med i KLE
34.35.10.40;"04.14.00;04.14.09;04.14.10;04.14.11;04.14.15;04.14.18;04.14.20;04.14.22"
34.35.15;Ikke med i KLE
34.35.15.05;Ikke med i KLE
34.35.15.10;Ikke med i KLE
34.35.15.15;Ikke med i KLE
34.35.15.20;Ikke med i KLE
34.35.15.25;Ikke med i KLE
34.35.15.30;Ikke med i KLE
34.35.15.35;Ikke med i KLE
34.35.15.40;Ikke med i KLE
34.35.15.45;Ikke med i KLE
34.35.15.50;Ikke med i KLE
34.35.15.55;Ikke med i KLE
34.35.15.60;Ikke med i KLE
34.40;Ikke med i KLE
34.40.05;Ikke med i KLE
34.40.05.05;Ikke med i KLE
34.40.05.08;Ikke med i KLE
34.40.05.10;Ikke med i KLE
34.40.05.15;Ikke med i KLE
34.40.10;Ikke med i KLE
34.40.10.05;Ikke med i KLE
34.40.10.10;Ikke med i KLE
34.40.15;Ikke med i KLE
34.40.15.05;Ikke med i KLE
34.40.15.10;Ikke med i KLE
34.40.15.15;Ikke med i KLE
34.40.15.20;Ikke med i KLE
34.40.20;Ikke med i KLE
34.40.20.05;Ikke med i KLE
34.40.20.10;Ikke med i KLE
34.40.20.15;Ikke med i KLE
34.40.20.20;Ikke med i KLE
34.40.25;Ikke med i KLE
34.40.25.05;Ikke med i KLE
34.40.25.10;Ikke med i KLE
34.40.25.15;Ikke med i KLE
34.40.30;Ikke med i KLE
34.40.30.05;Ikke med i KLE
34.40.30.10;Ikke med i KLE
34.40.35;Ikke med i KLE
34.40.35.05;Ikke med i KLE
34.40.40;Ikke med i KLE
34.40.40.05;Ikke med i KLE
34.45;Ikke med i KLE
34.45.05;Ikke med i KLE
34.45.05.05;Ikke med i KLE
34.45.10;Ikke med i KLE
34.45.10.05;Ikke med i KLE
34.45.10.10;Ikke med i KLE
34.45.10.15;Ikke med i KLE
34.45.15;Ikke med i KLE
34.45.15.05;Ikke med i KLE
34.45.15.10;Ikke med i KLE
34.45.15.15;Ikke med i KLE
34.45.15.20;Ikke med i KLE
34.45.15.25;Ikke med i KLE
34.45.20;Ikke med i KLE
34.45.20.15;Ikke med i KLE
34.45.20.20;Ikke med i KLE
34.45.20.25;Ikke med i KLE
34.45.20.30;Ikke med i KLE
34.45.20.35;Ikke med i KLE
34.45.20.40;Ikke med i KLE
34.45.20.45;Ikke med i KLE
34.45.25;Ikke med i KLE
34.45.25.05;Ikke med i KLE
37;"01;06;07;09"
37.05;Ikke med i KLE
37.05.02;Ikke med i KLE
37.05.02.10;Ikke med i KLE
37.05.05;Ikke med i KLE
37.05.05.10;Ikke med i KLE
37.05.05.20;Ikke med i KLE
37.05.10;Ikke med i KLE
37.05.10.10;Ikke med i KLE
37.10;09.05.00
37.10.03;09.05.00
37.10.03.05;09.05.00
37.10.05;Ikke med i KLE
37.10.05.05;Ikke med i KLE
37.10.10;09.05.05
37.10.10.05;09.05.05
37.10.15;09.05.10
37.10.15.05;09.05.10
37.10.20;Ikke med i KLE
37.10.20.10;Ikke med i KLE
37.10.25;09.05.00
37.10.25.05;09.05.01
37.10.25.08;Ikke med i KLE
37.10.25.10;09.05.00
37.10.25.20;09.05.01
37.10.25.25;09.05.02
37.10.25.30;09.05.00
37.10.30;Ikke med i KLE
37.10.30.10;Ikke med i KLE
37.10.30.20;Ikke med i KLE
37.25;09.00.00
37.25.02;"09.02.00;09.35.00"
37.25.02.05;"09.02.00;09.02.01;09.02.02;09.02.03;09.02.04;09.02.05;09.02.06;09.02.08;09.02.09;09.02.11;09.02.15;09.02.16"
37.25.02.10;"09.02.00;09.02.01;09.02.02;09.02.03;09.02.04;09.02.05;09.02.06;09.02.08;09.02.09;09.02.11;09.02.15;09.02.16"
37.25.02.12;09.30.00
37.25.02.15;09.02.00
37.25.02.20;09.35.00
37.25.03;09.17.00
37.25.03.02;"09.17.01;09.17.02;09.17.19"
37.25.03.04;"09.17.01;09.17.02;09.17.21"
37.25.03.06;"09.17.24;09.17.38;09.17.39;09.17.41;09.17.44;09.17.50;09.17.51;09.17.53"
37.25.03.08;"09.17.03;09.17.04;09.17.05;09.17.06;09.17.07;09.17.08;09.17.09"
37.25.03.20;09.17.00
37.25.03.25;09.17.60
37.25.03.30;"09.04.00;09.04.01;09.04.05"
37.25.04;"09.11.00;09.20.08"
37.25.04.05;09.11.00
37.25.04.10;09.20.08
37.25.06;"09.18.00;09.18.17"
37.25.06.05;09.18.14
37.25.06.10;09.18.01
37.25.06.20;09.18.02
37.25.06.30;09.18.05
37.25.06.40;09.18.10
37.25.12;"09.01.07;09.19.00"
37.25.12.05;"09.19.01;09.19.02"
37.25.12.10;09.01.07
37.25.15;09.08.00
37.25.15.02;"09.08.20;09.08.22"
37.25.15.05;09.08.35
37.25.15.10;09.08.00
37.25.17;06.00.00
37.25.17.05;06.00.05
37.25.17.10;Ikke med i KLE
37.25.21;06.01.00
37.25.21.05;"06.01.03;06.01.25"
37.25.21.10;06.01.06
37.25.21.15;06.01.15
37.25.21.20;06.01.17
37.25.21.25;06.01.38
37.25.21.30;06.01.29
37.25.21.35;"06.01.26;06.01.32"
37.25.21.40;06.01.35
37.25.21.45;06.01.41
37.25.21.50;06.01.44
37.25.21.55;06.01.47
37.25.21.60;06.01.20
37.25.24;"06.03.00;06.11.00"
37.25.24.05;"06.03.00;06.03.01;06.03.02;06.03.03;06.03.10;06.03.11;06.03.12;06.03.20"
37.25.24.10;06.00.10
37.25.24.15;"06.11.00;06.11.01;06.11.05"
37.25.26;06.02.00
37.25.26.05;06.02.00
37.25.26.10;06.02.02
37.25.26.15;"06.02.03;06.02.04"
37.25.26.20;"06.02.10;06.02.30"
37.25.26.25;06.02.11
37.25.26.30;06.02.15
37.25.26.35;06.02.16
37.25.26.40;Ikke med i KLE
37.25.26.45;06.02.35
37.25.26.50;06.02.40
37.25.30;09.08.00
37.25.30.10;09.08.15
37.25.30.15;07.04.15
37.25.30.20;09.08.05
37.25.30.25;09.08.06
37.25.30.30;09.08.15
37.25.38;"09.13.00;09.13.03;09.13.04;09.13.06"
37.25.38.05;09.13.01
37.25.42;09.16.00
37.25.42.05;Ikke med i KLE
37.25.42.10;09.16.00
37.25.42.15;09.16.00
37.25.44;09.25.00
37.25.44.10;09.25.00
37.25.44.20;09.25.00
37.25.46;09.10.00
37.25.46.05;09.10.04
37.25.48;Ikke med i KLE
37.25.48.10;Ikke med i KLE
37.25.50;Ikke med i KLE
37.25.50.05;Ikke med i KLE
37.25.50.10;Ikke med i KLE
37.25.50.15;Ikke med i KLE
37.30;"01.16.00;09.00.04"
37.30.05;"01.16.00;09.00.04"
37.30.05.05;09.00.04
37.30.05.07;09.00.04
37.30.05.09;Ikke med i KLE
37.30.05.10;"01.16.00;01.16.04 "
37.30.05.15;01.16.06
37.30.10;09.10.00
37.30.10.05;"09.10.12;09.10.08"
37.30.15;09.00.08
37.30.15.05;09.00.08
37.30.15.10;Ikke med i KLE
37.40;07.00.00
37.40.10;07.00.00
37.40.10.10;07.16.00
37.40.10.20;07.00.01
37.40.10.30;07.00.03
37.40.10.40;Ikke med i KLE
37.40.10.50;Ikke med i KLE
37.40.10.60;07.00.10 
37.40.20;07.18.00
37.40.20.10;07.18.06
37.40.20.20;"07.18.10;07.18.20"
37.40.20.30;07.18.00
37.40.20.40;07.13.00
37.40.30;07.17.00
37.40.30.10;07.17.08
37.40.30.20;07.17.00
37.40.30.30;07.17.00
37.40.30.40;07.17.00
37.40.30.50;07.13.00
37.40.40;"07.03.00;07.04.00"
37.40.40.10;"07.04.20;07.08.00"
37.40.40.20;07.04.04
37.40.40.30;"07.03.00;07.03.03;07.03.10;07.03.11"
37.40.40.35;07.13.00
37.40.40.40;07.13.00
38;"01;04;09"
38.05;Ikke med i KLE
38.05.05;Ikke med i KLE
38.05.05.05;Ikke med i KLE
38.10;Ikke med i KLE
38.10.05;01.05.15
38.10.05.05;01.05.15
38.10.05.10;01.05.15
38.10.05.15;01.05.15
38.10.05.20;01.05.15
38.10.05.25;01.05.15
38.10.05.30;Ikke med i KLE
38.10.10;01.05.00
38.10.10.05;"01.05.00;01.05.12"
38.10.10.10;01.05.00
38.10.10.12;01.05.00
38.10.10.14;Ikke med i KLE
38.10.10.15;01.05.13
38.10.10.17;Ikke med i KLE
38.10.15;Ikke med i KLE
38.10.15.05;Ikke med i KLE
38.10.15.10;Ikke med i KLE
38.10.15.15;Ikke med i KLE
38.10.15.18;Ikke med i KLE
38.10.15.22;Ikke med i KLE
38.10.15.25;Ikke med i KLE
38.10.20;"04.01.00;04.03.00"
38.10.20.05;"04.01.00;04.01.09;04.01.10;04.01.11;04.01.14;04.01.15;04.01.16;04.01.20;04.05.00"
38.10.20.10;04.03.00
38.20;01.05.00
38.20.05;01.05.09
38.20.05.05;01.05.09 
38.20.05.10;01.05.09 
38.20.08;Ikke med i KLE
38.20.08.05;Ikke med i KLE
38.20.08.10;Ikke med i KLE
38.20.10;01.05.08
38.20.10.03;01.05.08
38.20.10.07;01.05.08
38.20.10.15;01.05.08
38.20.10.20;01.05.08
38.20.10.25;01.05.08
38.20.10.30;01.05.08
38.20.10.35;01.05.08
38.20.10.40;01.05.08
38.20.11;09.00.07
38.20.11.05;09.00.07
38.20.11.10;09.00.07
38.20.11.15;09.00.07
38.20.11.20;09.00.07
38.20.11.25;09.00.07
38.20.11.30;09.00.07
38.20.11.35;09.00.07
38.20.11.40;09.00.07
38.20.12;"04.10.00;04.11.00"
38.20.12.05;"04.10.00;04.10.03;04.10.10;04.10.20"
38.20.12.10;"04.11.00;04.11.03;04.11.04;04.11.09;04.11.16;04.11.20"
38.20.15;01.05.10
38.20.15.05;01.05.10
38.20.15.10;Ikke med i KLE
38.20.20;"01.05.11;04.20.00"
38.20.20.05;"01.05.11;04.20.00"
38.20.20.10;01.05.11
38.20.25;01.05.02
38.20.25.05;01.05.02
38.20.25.10;01.05.02
38.20.25.15;01.05.02
38.20.25.20;01.05.02
38.20.25.25;01.05.02
38.20.30;01.05.18
38.20.30.05;01.05.18
38.20.30.10;Ikke med i KLE
38.20.30.15;Ikke med i KLE
38.20.30.20;Ikke med i KLE
38.20.30.25;Ikke med i KLE
38.20.30.30;Ikke med i KLE
38.20.30.35;Ikke med i KLE
38.20.35;04.18.00
38.20.35.02;04.18.00
38.20.35.07;04.18.00
38.20.35.09;04.18.00
38.20.35.11;04.18.00
38.20.35.12;04.18.00
38.20.35.13;04.18.00
38.20.35.14;04.18.00
38.20.35.16;Ikke med i KLE
38.20.35.18;Ikke med i KLE
38.20.35.23;14.12.25
38.20.35.25;Ikke med i KLE
38.20.35.35;Ikke med i KLE
38.20.40;Ikke med i KLE
38.20.40.10;Ikke med i KLE
38.40;01.09.00
38.40.10;Ikke med i KLE
38.40.10.05;Ikke med i KLE
38.40.10.10;Ikke med i KLE
38.40.10.15;Ikke med i KLE
38.40.10.20;Ikke med i KLE
38.40.20;Ikke med i KLE
38.40.20.05;Ikke med i KLE
38.40.20.10;Ikke med i KLE
38.40.20.15;Ikke med i KLE
38.40.30;01.09.00
38.40.30.05;"01.09.00;01.09.05;01.09.10"
38.40.30.10;Ikke med i KLE
38.40.40;Ikke med i KLE
38.40.40.05;Ikke med i KLE
38.40.40.07;Ikke med i KLE
38.40.40.10;Ikke med i KLE
38.40.50;Ikke med i KLE
38.40.50.05;Ikke med i KLE
38.40.50.10;Ikke med i KLE
38.50;Ikke med i KLE
38.50.10;Ikke med i KLE
38.50.10.02;Ikke med i KLE
38.50.10.05;Ikke med i KLE
38.50.10.10;Ikke med i KLE
38.50.10.15;Ikke med i KLE
38.50.10.20;Ikke med i KLE
38.50.10.25;Ikke med i KLE
38.50.10.35;Ikke med i KLE
38.50.10.40;06.00.07
38.50.20;Ikke med i KLE
38.50.20.05;Ikke med i KLE
38.50.20.10;Ikke med i KLE
38.50.20.15;Ikke med i KLE
38.50.20.20;Ikke med i KLE
38.50.20.25;Ikke med i KLE
40;30
40.15;Ikke med i KLE
40.15.02;Ikke med i KLE
40.15.02.05;Ikke med i KLE
40.15.02.10;Ikke med i KLE
40.15.05;"27.25.00;27.12.26"
40.15.05.07;Ikke med i KLE
40.15.05.10;"27.25.00;27.25.08;27.25.12"
40.15.05.15;"27.12.26;27.12.30"
40.15.05.17;27.12.34
40.15.05.20;30.10.10
40.15.05.25;Ikke med i KLE
40.15.05.30;Ikke med i KLE
40.15.08;Ikke med i KLE
40.15.08.05;Ikke med i KLE
40.15.10;Ikke med i KLE
40.15.10.06;Ikke med i KLE
40.15.10.09;Ikke med i KLE
40.15.10.17;Ikke med i KLE
40.15.11;Ikke med i KLE
40.15.11.05;Ikke med i KLE
40.15.11.10;Ikke med i KLE
40.15.11.15;Ikke med i KLE
40.15.11.20;Ikke med i KLE
40.15.12;Ikke med i KLE
40.15.12.05;Ikke med i KLE
40.15.12.10;Ikke med i KLE
40.15.12.15;Ikke med i KLE
40.15.12.20;Ikke med i KLE
40.15.13;Ikke med i KLE
40.15.13.05;Ikke med i KLE
40.15.18;Ikke med i KLE
40.15.18.05;Ikke med i KLE
40.15.18.10;Ikke med i KLE
40.15.18.15;Ikke med i KLE
40.15.18.17;Ikke med i KLE
40.15.18.20;Ikke med i KLE
40.15.18.30;Ikke med i KLE
40.15.18.40;Ikke med i KLE
40.15.20;Ikke med i KLE
40.15.20.05;Ikke med i KLE
40.15.20.10;Ikke med i KLE
40.15.20.15;Ikke med i KLE
40.15.20.20;Ikke med i KLE
40.15.20.25;Ikke med i KLE
40.15.20.30;Ikke med i KLE
40.15.20.35;Ikke med i KLE
40.15.20.40;Ikke med i KLE
40.15.20.45;Ikke med i KLE
40.15.20.50;Ikke med i KLE
40.15.20.55;Ikke med i KLE
40.15.20.60;Ikke med i KLE
40.15.23;Ikke med i KLE
40.15.23.05;Ikke med i KLE
40.15.23.10;Ikke med i KLE
40.15.23.15;Ikke med i KLE
40.15.23.20;Ikke med i KLE
40.15.23.22;Ikke med i KLE
40.15.23.25;Ikke med i KLE
40.15.23.30;Ikke med i KLE
40.15.23.35;Ikke med i KLE
40.15.23.40;Ikke med i KLE
40.15.23.45;Ikke med i KLE
40.15.23.47;Ikke med i KLE
40.15.23.55;Ikke med i KLE
40.15.23.60;Ikke med i KLE
40.15.23.65;Ikke med i KLE
40.15.23.70;Ikke med i KLE
40.15.23.75;Ikke med i KLE
40.15.25;Ikke med i KLE
40.15.25.05;Ikke med i KLE
40.15.25.10;Ikke med i KLE
40.15.25.15;Ikke med i KLE
40.15.27;Ikke med i KLE
40.15.27.05;Ikke med i KLE
40.15.27.09;Ikke med i KLE
40.15.27.10;Ikke med i KLE
40.15.30;Ikke med i KLE
40.15.30.05;Ikke med i KLE
40.15.30.10;Ikke med i KLE
40.15.30.15;Ikke med i KLE
40.15.30.20;Ikke med i KLE
40.15.30.25;Ikke med i KLE
40.15.30.28;Ikke med i KLE
40.15.30.30;Ikke med i KLE
42;30
42.20;Ikke med i KLE
42.20.05;Ikke med i KLE
42.20.05.05;Ikke med i KLE
42.20.05.10;Ikke med i KLE
42.20.05.15;Ikke med i KLE
42.20.05.20;Ikke med i KLE
42.20.05.25;Ikke med i KLE
42.20.07;Ikke med i KLE
42.20.07.10;Ikke med i KLE
42.20.07.20;Ikke med i KLE
42.20.07.30;Ikke med i KLE
42.20.07.40;Ikke med i KLE
42.20.08;Ikke med i KLE
42.20.08.05;Ikke med i KLE
42.20.08.10;Ikke med i KLE
42.20.08.15;Ikke med i KLE
42.20.08.20;Ikke med i KLE
42.20.08.25;Ikke med i KLE
42.20.08.30;Ikke med i KLE
42.20.08.35;Ikke med i KLE
42.20.08.40;Ikke med i KLE
42.20.08.45;Ikke med i KLE
42.20.08.50;Ikke med i KLE
42.20.08.55;Ikke med i KLE
42.20.08.60;Ikke med i KLE
42.20.08.65;Ikke med i KLE
42.20.08.70;Ikke med i KLE
42.20.08.75;Ikke med i KLE
42.20.08.80;Ikke med i KLE
42.20.08.85;Ikke med i KLE
42.20.08.90;Ikke med i KLE
42.20.10;Ikke med i KLE
42.20.10.05;Ikke med i KLE
42.20.10.15;Ikke med i KLE
42.20.10.21;Ikke med i KLE
42.20.10.22;Ikke med i KLE
42.20.10.24;"25.45.02;25.45.03"
42.20.10.25;Ikke med i KLE
42.20.10.40;Ikke med i KLE
42.20.10.45;Ikke med i KLE
42.20.10.50;Ikke med i KLE
42.20.10.55;Ikke med i KLE
42.20.15;Ikke med i KLE
42.20.15.10;Ikke med i KLE
42.20.15.20;Ikke med i KLE
42.20.15.30;Ikke med i KLE
42.20.20;Ikke med i KLE
42.20.20.10;Ikke med i KLE
42.20.25;Ikke med i KLE
42.20.25.05;Ikke med i KLE
42.20.25.10;Ikke med i KLE
42.20.25.15;Ikke med i KLE
42.20.25.20;Ikke med i KLE
42.20.30;Ikke med i KLE
42.20.30.05;Ikke med i KLE
42.20.30.10;Ikke med i KLE
44;Ikke med i KLE
44.25;Ikke med i KLE
44.25.05;Ikke med i KLE
44.25.05.03;Ikke med i KLE
44.25.05.05;Ikke med i KLE
44.25.05.15;Ikke med i KLE
44.25.05.17;Ikke med i KLE
44.25.05.25;Ikke med i KLE
44.25.05.30;Ikke med i KLE
44.25.10;Ikke med i KLE
44.25.10.05;Ikke med i KLE
44.25.10.10;Ikke med i KLE
46;30
46.10;Ikke med i KLE
46.10.05;Ikke med i KLE
46.10.05.05;Ikke med i KLE
46.10.05.10;Ikke med i KLE
46.10.05.15;Ikke med i KLE
46.10.05.20;Ikke med i KLE
46.15;Ikke med i KLE
46.15.05;Ikke med i KLE
46.15.05.05;Ikke med i KLE
46.15.05.10;Ikke med i KLE
46.15.05.15;Ikke med i KLE
46.15.10;Ikke med i KLE
46.15.10.05;Ikke med i KLE
46.15.10.10;Ikke med i KLE
46.20;Ikke med i KLE
46.20.05;Ikke med i KLE
46.20.05.05;Ikke med i KLE
46.20.05.10;Ikke med i KLE
46.20.05.15;Ikke med i KLE
46.20.05.20;Ikke med i KLE
46.20.10;Ikke med i KLE
46.20.10.05;Ikke med i KLE
46.20.10.10;Ikke med i KLE
46.20.10.15;Ikke med i KLE
46.25;Ikke med i KLE
46.25.05;Ikke med i KLE
46.25.05.05;Ikke med i KLE
46.25.05.10;Ikke med i KLE
46.25.05.15;Ikke med i KLE
46.25.05.20;Ikke med i KLE
46.25.05.25;Ikke med i KLE
46.25.05.30;Ikke med i KLE
46.25.05.35;Ikke med i KLE
46.25.05.40;Ikke med i KLE
46.25.05.45;Ikke med i KLE
46.25.10;Ikke med i KLE
46.25.10.05;Ikke med i KLE
46.25.10.10;Ikke med i KLE
46.25.10.15;Ikke med i KLE
46.25.10.20;Ikke med i KLE
46.30;Ikke med i KLE
46.30.05;Ikke med i KLE
46.30.05.05;Ikke med i KLE
46.30.05.10;Ikke med i KLE
46.30.05.15;Ikke med i KLE
46.30.05.20;Ikke med i KLE
46.30.05.25;Ikke med i KLE
46.30.10;Ikke med i KLE
46.30.10.05;Ikke med i KLE
46.30.10.10;Ikke med i KLE
46.30.10.15;Ikke med i KLE
46.30.10.20;Ikke med i KLE
46.30.15;Ikke med i KLE
46.30.15.05;Ikke med i KLE
46.30.15.10;Ikke med i KLE
46.30.15.15;Ikke med i KLE
46.30.20;Ikke med i KLE
46.30.20.05;Ikke med i KLE
46.30.20.10;Ikke med i KLE
46.30.20.15;Ikke med i KLE
46.30.25;Ikke med i KLE
46.30.25.05;Ikke med i KLE
46.30.25.10;Ikke med i KLE
46.30.25.15;Ikke med i KLE
47;14
47.12;14.00.00
47.12.05;14.00.05
47.12.05.05;14.00.05
47.12.10;14.00.00
47.12.10.05;14.00.03
47.12.10.10;14.00.06
47.12.10.15;14.00.10
47.12.10.20;14.00.10
47.15;14.00.08
47.15.05;14.00.08
47.15.05.05;14.00.08
47.15.05.10;Ikke med i KLE
47.15.10;14.00.08
47.15.10.05;14.00.08
47.15.10.10;14.00.08
47.15.10.15;"14.00.08;14.00.10"
47.15.15;14.01.07
47.15.15.05;14.01.07
47.20;14.01.00
47.20.05;"14.01.00;14.10.00"
47.20.05.05;"14.01.00;14.10.00"
47.20.05.10;14.01.12
47.20.10;14.01.00
47.20.10.05;14.01.02
47.20.10.10;14.01.09
47.20.15;14.01.00
47.20.15.05;14.01.05
47.20.15.10;14.01.05
47.20.15.15;14.01.05
47.20.15.20;14.01.05
47.20.15.25;14.01.05
47.20.15.27;Ikke med i KLE
47.20.15.30;14.01.05
47.20.15.35;14.01.05
47.20.15.40;14.00.12
47.20.20;14.01.01
47.20.20.05;14.01.01
47.20.25;14.01.04
47.20.25.05;14.01.04
47.20.25.10;14.01.04
47.25;"14.00.08;14.01.01"
47.25.05;Ikke med i KLE
47.25.05.05;Ikke med i KLE
47.25.10;14.01.01
47.25.10.05;14.01.01
47.25.10.10;14.01.01
47.25.15;14.00.08
47.25.15.05;Ikke med i KLE
47.25.15.10;Ikke med i KLE
47.25.15.15;14.00.08
47.25.15.20;Ikke med i KLE
47.25.20;Ikke med i KLE
47.25.20.05;Ikke med i KLE
47.25.20.10;Ikke med i KLE
47.25.20.15;Ikke med i KLE
47.25.20.20;Ikke med i KLE
47.25.25;Ikke med i KLE
47.25.25.05;Ikke med i KLE
47.25.30;Ikke med i KLE
47.25.30.05;Ikke med i KLE
47.30;"14.02.00;14.06.00;14.09.00;14.12.00"
47.30.05;14.12.00
47.30.05.05;14.12.00
47.30.05.10;14.12.00
47.30.05.15;"14.12.00;14.12.17"
47.30.05.20;14.12.16
47.30.05.30;14.12.28
47.30.05.35;14.12.18
47.30.05.40;14.12.22
47.30.05.45;14.12.20
47.30.10;14.06.00
47.30.10.05;14.06.02
47.30.10.10;"14.06.01;14.06.20"
47.30.15;Ikke med i KLE
47.30.15.05;Ikke med i KLE
47.30.15.10;Ikke med i KLE
47.30.20;14.02.00
47.30.20.05;"14.02.00;14.02.01"
47.30.25;14.09.00
47.30.25.05;"14.09.00;14.09.04"
47.30.25.10;"14.09.00;14.09.04"
47.35;14.07.00
47.35.05;14.07.00
47.35.05.05;14.07.01
47.35.05.10;00.05.07
47.35.10;14.07.00
47.35.10.05;14.07.03
47.35.10.10;Ikke med i KLE
47.35.10.15;14.07.00
47.35.10.20;Ikke med i KLE
47.35.10.25;14.07.04
47.35.10.30;14.07.00
47.35.10.35;14.07.00
47.35.10.40;14.07.07
47.35.10.45;14.07.08
47.35.10.50;14.07.01
47.35.10.55;14.07.09
47.35.15;14.07.00
47.35.15.05;14.07.06
47.35.15.10;14.07.04
47.35.15.15;14.07.01
47.35.15.20;14.07.09
47.35.20;14.07.00
47.35.20.05;14.07.00
47.35.20.10;14.07.02
52;01
52.10;01.00.00
52.10.01;01.00.00
52.10.01.05;Ikke med i KLE
52.10.03;01.01.00
52.10.03.05;01.01.01
52.10.03.10;01.01.00
52.10.03.15;01.02.03
52.10.03.20;01.01.02
52.10.03.25;01.01.02
52.10.06;01.02.00
52.10.06.05;01.02.03
52.10.06.10;01.02.15
52.10.06.15;"01.02.05;01.02.27"
52.10.06.20;01.02.25
52.10.06.30;01.02.52
52.10.08;"01.03.00;01.07.00"
52.10.08.05;01.03.00
52.10.08.10;01.07.00
52.10.08.15;"01.03.00;01.03.02;01.03.03"
52.10.10;"01.02.32;01.05.18;05.26.00;13.03.24"
52.10.10.05;"05.26.00;05.26.05;05.26.10;05.26.15"
52.10.10.10;13.03.24
52.10.10.12;Ikke med i KLE
52.10.10.15;"01.02.32;01.02.36;01.02.40"
52.10.10.20;01.05.18
52.10.10.25;Ikke med i KLE
52.10.10.30;Ikke med i KLE
52.10.10.35;Ikke med i KLE
52.10.20;Ikke med i KLE
52.10.20.05;Ikke med i KLE
52.20;Ikke med i KLE
52.20.05;Ikke med i KLE
52.20.05.05;Ikke med i KLE
52.20.05.10;Ikke med i KLE
52.20.05.15;Ikke med i KLE
52.20.05.20;Ikke med i KLE
52.20.10;Ikke med i KLE
52.20.10.05;Ikke med i KLE
52.20.10.10;Ikke med i KLE
52.20.15;Ikke med i KLE
52.20.15.05;Ikke med i KLE
52.20.15.10;Ikke med i KLE
52.20.15.15;Ikke med i KLE
52.20.20;Ikke med i KLE
52.20.20.05;Ikke med i KLE
52.20.20.08;Ikke med i KLE
52.20.20.10;Ikke med i KLE
52.20.20.15;Ikke med i KLE
52.20.20.20;Ikke med i KLE
52.20.20.27;Ikke med i KLE
52.20.25;Ikke med i KLE
52.20.25.03;Ikke med i KLE
52.20.25.05;Ikke med i KLE
52.20.25.10;Ikke med i KLE
54;"02;03"
54.15;Ikke med i KLE
54.15.05;02.00.20
54.15.05.05;02.00.20
54.15.05.10;02.00.20
54.15.05.15;Ikke med i KLE
54.15.05.20;85.15.00
54.15.05.25;02.00.20
54.15.05.30;02.00.20
54.15.10;05.01.01
54.15.10.06;05.01.01
54.15.10.15;Ikke med i KLE
54.15.10.25;Ikke med i KLE
54.15.15;05.12.00
54.15.15.05;05.12.00
54.15.15.10;05.12.00
54.15.25;Ikke med i KLE
54.15.25.05;Ikke med i KLE
54.15.25.10;Ikke med i KLE
54.15.25.12;Ikke med i KLE
54.15.25.25;Ikke med i KLE
54.15.25.30;Ikke med i KLE
54.15.25.35;Ikke med i KLE
54.17;02
54.17.05;Ikke med i KLE
54.17.05.05;Ikke med i KLE
54.17.10;13.06.00
54.17.10.10;"13.06.00;13.06.01;13.06.02;13.06.03;13.06.04;13.06.05"
54.17.10.15;"13.06.00;13.06.01;13.06.02;13.06.03;13.06.04;13.06.05"
54.17.10.20;"13.06.00;13.06.01;13.06.02;13.06.03;13.06.04;13.06.05"
54.17.15;"02.00.00;02.01.00;02.02.00;02.03.00;02.04.00;02.05.00;02.08.00;02.25.00"
54.17.15.05;02.00.10
54.17.15.10;"02.01.00;02.01.01;02.01.02;02.01.03;02.01.06;02.02.00;02.02.01;02.02.02;02.02.04"
54.17.15.15;"02.03.00;02.03.15;02.03.16;02.03.17"
54.17.15.20;"02.04.00;02.04.01;02.04.02;02.04.03"
54.17.15.25;"02.05.00;02.05.01;02.05.02;02.05.03;02.05.04;02.05.05;02.05.06;02.05.07;02.05.08;02.05.09;02.05.10;02.05.11;02.05.12;02.05.13;02.05.14;02.05.15;02.05.16;02.05.17;02.05.18;02.25.00;02.25.01;02.25.05;02.25.06"
54.17.15.30;02.03.00
54.17.15.35;02.03.00
54.17.15.40;"02.08.00;02.08.10"
54.17.20;02.34.00
54.17.20.02;02.34.04
54.17.20.08;"02.34.02;14.12.15"
54.17.20.15;02.34.02
54.17.20.20;02.00.20
54.19;03
54.19.05;03.00.00
54.19.05.10;"03.00.05;03.00.07"
54.19.10;"03.00.00;03.02.00;03.10.00;03.30.00"
54.19.10.05;03.10.00
54.19.10.10;03.10.20
54.19.10.15;03.10.04
54.19.10.20;03.00.20
54.19.10.25;Ikke med i KLE
54.19.10.30;03.02.00
54.19.10.35;03.02.00
54.19.10.40;03.02.20
54.19.10.45;"03.10.00;03.10.24;03.11.00"
54.19.10.50;Ikke med i KLE
54.19.10.55;"03.30.00;03.30.05;03.30.10"
54.19.15;03.12.00
54.19.15.05;03.12.01
54.19.15.10;03.12.02
54.19.15.15;03.12.03
54.19.15.20;03.12.04
54.19.15.25;03.12.05
54.19.15.30;03.12.06
54.19.15.35;03.12.07
54.19.15.40;03.12.08
54.19.15.45;03.12.09
54.19.15.50;03.12.10
54.19.15.55;03.12.11
54.19.15.60;03.12.12
54.19.15.65;03.12.13
54.19.15.70;03.12.14
54.19.15.75;03.12.15
54.19.15.80;"03.12.17;03.12.18;03.12.20"
54.19.22;03.09.00
54.19.22.05;03.09.18
54.19.22.10;"03.09.01;03.09.04;03.09.05;03.09.06;03.09.07;03.09.08;03.09.29"
54.19.22.15;Ikke med i KLE
54.19.22.20;03.09.02
54.19.22.25;03.09.10
54.19.22.30;Ikke med i KLE
54.19.22.35;"03.09.03;03.09.13"
54.19.22.40;Ikke med i KLE
54.19.22.45;03.09.24
54.19.22.50;03.09.26
54.19.22.55;Ikke med i KLE
54.19.22.60;03.09.22
54.19.22.65;Ikke med i KLE
54.19.22.70;Ikke med i KLE
54.19.22.75;Ikke med i KLE
54.19.22.80;"03.09.10;03.09.15;03.09.44;03.09.52"
54.19.22.90;Ikke med i KLE
54.19.22.92;Ikke med i KLE
54.19.22.94;03.01.10
54.19.22.96;"03.09.40;03.09.60"
54.19.24;Ikke med i KLE
54.19.24.05;Ikke med i KLE
54.19.24.07;Ikke med i KLE
54.19.24.10;Ikke med i KLE
54.19.24.15;Ikke med i KLE
54.19.24.20;Ikke med i KLE
54.19.24.25;Ikke med i KLE
54.19.24.30;Ikke med i KLE
54.19.24.35;Ikke med i KLE
54.19.24.40;Ikke med i KLE
54.19.24.45;Ikke med i KLE
54.19.24.50;Ikke med i KLE
54.19.24.55;Ikke med i KLE
54.19.24.60;Ikke med i KLE
54.19.24.65;Ikke med i KLE
54.19.24.70;Ikke med i KLE
54.19.26;03.03.00
54.19.26.10;03.03.00
54.19.26.20;03.03.00
54.19.26.30;03.03.00
54.19.26.40;Ikke med i KLE
54.19.26.50;Ikke med i KLE
54.19.26.60;Ikke med i KLE
54.19.30;Ikke med i KLE
54.19.30.10;Ikke med i KLE
54.19.30.20;Ikke med i KLE
54.19.30.30;Ikke med i KLE
54.19.32;03.14.00
54.19.32.10;"03.14.00;03.14.02;03.14.04;03.14.06"
54.19.35;03.01.00
54.19.35.10;03.01.03
54.19.35.20;03.01.02
54.19.35.30;03.01.00
54.19.35.40;03.01.04
54.19.45;"01.07.04;01.12.00"
54.19.45.10;01.07.04
54.19.45.20;01.12.00
54.19.45.30;Ikke med i KLE
54.19.50;Ikke med i KLE
54.19.50.10;Ikke med i KLE
54.19.50.20;Ikke med i KLE
54.25;01.11.00
54.25.05;01.11.00
54.25.05.05;01.11.36
54.25.10;01.11.20
54.25.10.05;01.11.20
54.25.10.10;01.11.20
54.25.15;"01.11.22;01.11.24;01.11.26;01.11.27;01.11.30"
54.25.15.05;01.11.22
54.25.15.10;01.11.24
54.25.15.15;"01.11.26;01.11.27"
54.25.15.20;01.11.30
54.25.20;01.11.40
54.25.20.05;01.11.40
54.25.25;01.11.28
54.25.25.05;01.11.28
54.25.25.10;01.11.28
54.25.25.15;01.11.28
54.25.25.20;01.11.28
54.25.30;01.11.32
54.25.30.05;01.11.32
54.25.30.10;01.11.32
54.25.30.15;01.11.32
54.25.30.20;01.11.32
54.25.35;01.11.34
54.25.35.05;01.11.34
54.25.35.10;01.11.34
56;13
56.05;"13.01.00;13.03.00;13.04.00"
56.05.05;Ikke med i KLE
56.05.05.20;Ikke med i KLE
56.05.05.25;Ikke med i KLE
56.05.05.30;Ikke med i KLE
56.05.05.35;Ikke med i KLE
56.05.05.40;Ikke med i KLE
56.05.05.45;Ikke med i KLE
56.05.10;13.01.00
56.05.10.05;13.01.08
56.05.10.10;Ikke med i KLE
56.05.10.15;13.01.16
56.05.10.20;Ikke med i KLE
56.05.10.25;Ikke med i KLE
56.05.10.28;Ikke med i KLE
56.05.10.30;Ikke med i KLE
56.05.15;"13.03.00;13.03.18"
56.05.15.05;"13.03.00;13.03.01;13.30.00;13.30.05
"
56.05.15.10;"13.03.00;13.03.20"
56.05.15.15;13.03.00
56.05.15.18;13.03.00
56.05.15.20;13.03.00
56.05.15.30;13.03.30
56.05.15.35;13.03.30
56.05.20;"13.04.00;13.11.00"
56.05.20.05;Ikke med i KLE
56.05.20.10;Ikke med i KLE
56.05.20.15;Ikke med i KLE
56.05.20.20;Ikke med i KLE
56.05.20.22;Ikke med i KLE
56.05.20.25;Ikke med i KLE
56.05.20.30;Ikke med i KLE
56.10;13.02.00
56.10.02;13.02.00
56.10.02.05;13.02.08
56.10.02.10;Ikke med i KLE
56.10.05;13.02.00
56.10.05.05;13.02.01
56.10.05.10;13.02.02
56.10.05.15;13.02.03
56.10.05.20;13.02.03
56.10.05.22;13.02.03
56.10.05.25;13.02.03
56.10.05.27;Ikke med i KLE
58;"05;08"
58.03;05
58.03.05;Ikke med i KLE
58.03.05.05;Ikke med i KLE
58.03.05.10;Ikke med i KLE
58.03.05.15;Ikke med i KLE
58.05;"05.01.00;05.02.00"
58.05.05;"05.00.00;05.01.00;05.01.45;05.04.00;05.05.00;05.07.00"
58.05.05.02;"05.01.02;05.01.35;05.04.06;05.05.05"
58.05.05.04;"05.01.08;05.04.08;05.05.06"
58.05.05.05;"05.01.12;05.04.12;05.05.12"
58.05.05.10;"05.07.00;05.07.01;05.07.02"
58.05.05.15;05.01.10
58.05.05.20;05.01.25
58.05.05.30;"05.14.00;05.14.01;05.14.02;05.14.03;05.14.04;05.14.05;05.14.06;05.14.07;05.14.08;05.14.09;05.14.10;05.14.11;05.14.12;05.14.13;05.14.15;05.14.17;05.14.20;05.14.21"
58.05.05.35;05.13.01
58.05.05.45;"05.01.22;05.04.22"
58.05.05.50;05.23.04
58.05.07;05.09.00
58.05.07.10;"05.09.02;05.09.08;05.09.10"
58.05.07.20;05.09.04
58.05.07.30;"05.09.12;05.13.18"
58.05.10;05.02.00
58.05.10.05;05.02.01
58.05.10.10;"05.02.02;05.02.03"
58.05.10.15;"05.02.10;05.02.12;05.02.13;05.02.15;05.02.16"
58.05.10.20;05.02.00
58.05.10.25;05.02.04
58.05.15;05.03.00
58.05.15.05;"05.03.00;05.03.05;05.03.06"
58.05.15.10;"05.03.00;05.03.05;05.03.06"
58.05.15.15;"05.03.00;05.03.05;05.03.06"
58.05.20;05.13.10
58.05.20.05;05.13.10
58.10;05.01.25
58.10.05;05.01.25
58.10.05.05;05.01.25
58.10.05.11;05.01.25
58.10.05.12;05.01.25
58.10.05.14;05.01.25
58.10.05.15;Ikke med i KLE
58.10.05.20;Ikke med i KLE
58.10.05.30;14.00.08
58.10.10;Ikke med i KLE
58.10.10.05;Ikke med i KLE
58.10.10.10;Ikke med i KLE
58.10.10.15;Ikke med i KLE
58.15;"08.20.00;08.25.00"
58.15.05;Ikke med i KLE
58.15.05.05;Ikke med i KLE
58.15.10;"08.20.00;08.25.00"
58.15.10.10;"08.20.00;08.25.00;08.25.05;08.25.10;08.25.15;08.25.20;08.25.25;08.25.30;08.25.35"
58.15.10.20;08.20.25
58.15.10.30;08.20.05
58.20;08
58.20.05;Ikke med i KLE
58.20.05.05;Ikke med i KLE
58.20.05.10;Ikke med i KLE
58.20.05.15;08.05.00
58.20.05.20;Ikke med i KLE
58.20.05.35;08.13.05
58.20.10;"08.00.00;08.01.00;08.02.00;08.03.00;08.06.00;08.08.00;08.10.00;08.13.00"
58.20.10.05;08.00.05
58.20.10.10;08.01.00
58.20.10.15;"08.02.00;08.02.05;08.02.06;08.02.10"
58.20.10.20;"08.03.00;08.03.08;08.03.25;08.03.26;08.03.30;08.03.35;08.03.40;08.03.42"
58.20.10.25;08.13.00
58.20.10.30;"08.08.00;08.08.01;08.08.05;08.08.06;08.08.10;08.08.15"
58.20.10.35;08.10.00
58.20.10.40;08.06.00
59;13
59.02;Ikke med i KLE
59.02.05;Ikke med i KLE
59.02.05.05;Ikke med i KLE
59.05;"13.05.00;13.25.00"
59.05.05;13.05.00
59.05.05.05;13.05.10
59.05.05.07;13.05.12
59.05.05.20;13.05.16
59.05.10;"13.05.00;13.25.00"
59.05.10.05;88.00.00
59.05.10.10;"13.05.00;13.05.16"
59.05.10.14;13.05.14
59.05.10.16;13.05.14
59.05.10.17;13.05.26
59.05.10.18;13.05.24
59.05.10.20;13.05.24
59.05.10.25;13.05.18
59.05.10.30;13.05.22
59.05.10.35;Ikke med i KLE
59.05.10.40;Ikke med i KLE
59.05.10.45;Ikke med i KLE
59.05.10.50;13.05.20
59.05.10.55;13.25.00
59.05.15;Ikke med i KLE
59.05.15.05;Ikke med i KLE
59.05.15.10;Ikke med i KLE
59.10;Ikke med i KLE
59.10.05;Ikke med i KLE
59.10.05.05;Ikke med i KLE
59.10.05.10;Ikke med i KLE
59.10.05.15;Ikke med i KLE
59.10.05.20;Ikke med i KLE
59.10.05.25;Ikke med i KLE
59.10.05.30;Ikke med i KLE
59.10.05.35;Ikke med i KLE
59.10.10;Ikke med i KLE
59.10.10.05;Ikke med i KLE
59.10.10.10;"23.09.04;23.09.10"
59.10.10.15;Ikke med i KLE
59.10.10.20;Ikke med i KLE
59.10.10.25;05.13.15
59.10.10.27;Ikke med i KLE
59.10.10.30;Ikke med i KLE
59.10.10.33;Ikke med i KLE
59.10.10.35;"22.11.00;22.11.01;22.11.02;22.11.03;22.11.10;22.11.14;22.11.22;22.11.30;22.11.38"
59.10.10.37;Ikke med i KLE
59.10.10.40;Ikke med i KLE
59.10.10.45;Ikke med i KLE
59.10.10.50;Ikke med i KLE
59.15;Ikke med i KLE
59.15.05;Ikke med i KLE
59.15.05.05;Ikke med i KLE
59.15.10;Ikke med i KLE
59.15.10.05;Ikke med i KLE
59.15.10.10;Ikke med i KLE
59.15.10.15;Ikke med i KLE
59.15.10.18;Ikke med i KLE
59.15.10.22;Ikke med i KLE
59.15.10.25;Ikke med i KLE
59.15.10.30;Ikke med i KLE
59.20;Ikke med i KLE
59.20.05;Ikke med i KLE
59.20.05.10;Ikke med i KLE
59.20.05.20;Ikke med i KLE
59.20.08;Ikke med i KLE
59.20.08.10;Ikke med i KLE
59.20.08.20;Ikke med i KLE
59.20.08.30;Ikke med i KLE
59.20.08.40;Ikke med i KLE
59.20.10;Ikke med i KLE
59.20.10.02;Ikke med i KLE
59.20.10.07;08.20.15
59.20.10.09;Ikke med i KLE
59.20.10.11;Ikke med i KLE
59.20.10.13;Ikke med i KLE
59.20.10.16;Ikke med i KLE
59.20.10.20;Ikke med i KLE
59.20.10.25;Ikke med i KLE
59.20.20;Ikke med i KLE
59.20.20.05;Ikke med i KLE
59.20.20.10;Ikke med i KLE
59.20.20.15;Ikke med i KLE
59.20.20.20;Ikke med i KLE
59.20.20.25;Ikke med i KLE
59.20.20.30;Ikke med i KLE
59.20.20.35;Ikke med i KLE
59.25;Ikke med i KLE
59.25.05;Ikke med i KLE
59.25.05.05;Ikke med i KLE
59.25.05.10;Ikke med i KLE
59.25.05.15;Ikke med i KLE
59.25.05.20;Ikke med i KLE
59.25.05.25;Ikke med i KLE
59.25.05.30;Ikke med i KLE
59.25.10;Ikke med i KLE
59.25.10.05;Ikke med i KLE
59.25.10.10;Ikke med i KLE
59.25.10.12;Ikke med i KLE
59.25.10.13;Ikke med i KLE
59.25.10.15;"08.13.01;08.13.02
"
59.25.10.17;Ikke med i KLE
59.25.10.30;Ikke med i KLE
59.25.10.32;Ikke med i KLE
59.25.10.35;Ikke med i KLE
59.25.30;Ikke med i KLE
59.25.30.05;Ikke med i KLE
59.35;Ikke med i KLE
59.35.05;Ikke med i KLE
59.35.05.05;Ikke med i KLE
59.35.05.10;30.10.30
59.35.05.15;30.10.30
59.35.05.20;Ikke med i KLE
60;"81;87"
60.05;81.00.00
60.05.03;"81.03.00;81.36.00"
60.05.03.05;81.02.00
60.05.03.10;81.03.00
60.05.03.15;"81.15.00;81.22.00"
60.05.03.20;81.01.04
60.05.03.25;81.05.00
60.05.03.30;81.37.00
60.05.03.35;81.35.00
60.05.03.40;"81.36.00;81.36.01;81.36.05;81.36.10"
60.05.12;81.15.00
60.05.12.03;81.15.00
60.05.12.05;81.15.17
60.05.12.10;81.15.18
60.05.12.12;81.15.03
60.05.12.15;81.15.16
60.05.12.20;81.15.03
60.05.12.25;81.19.00
60.05.17;"81.27.00;81.28.00;81.30.00"
60.05.17.05;"81.27.00;81.27.01;81.27.02;81.27.05"
60.05.17.10;81.28.00
60.05.17.15;"81.30.00;81.30.01;81.30.02;81.30.03;81.30.04;81.30.05;81.30.06;81.30.11;81.30.15"
60.05.22;"81.04.00;81.39.00"
60.05.22.05;81.04.02
60.05.22.10;81.04.04
60.05.22.12;Ikke med i KLE
60.05.22.15;"81.39.00;81.39.10;81.39.15"
60.05.22.20;"81.39.00;81.39.10;81.39.15"
60.05.22.22;Ikke med i KLE
60.05.22.25;"81.06.00;81.06.01;81.06.02"
60.05.22.30;Ikke med i KLE
60.05.32;81.39.00
60.05.32.05;81.39.00
60.05.32.15;81.39.00
60.05.32.25;81.39.00
60.05.40;"81.38.00;87.00.00;87.01.00"
60.05.40.05;"87.00.00;87.00.05;87.00.10;87.01.00;87.01.01;87.01.02;87.01.03;87.15.00;87.20.00"
60.05.40.10;"81.38.00;81.38.01;81.38.02;81.38.03;81.38.04;81.38.05;81.38.06;81.38.07;81.38.08"
60.05.45;81.10.00
60.05.45.05;81.10.00
60.05.45.15;81.10.00
60.10;81.15.00
60.10.03;81.15.00
60.10.03.05;81.15.00
60.10.03.10;81.15.00
60.10.03.15;81.15.00
60.10.05;81.15.00
60.10.05.15;81.15.00
60.10.05.20;81.15.00
60.10.05.25;81.15.00
60.10.05.30;81.22.10
60.10.10;81.15.00
60.10.10.05;81.15.00
60.10.10.10;81.15.00
60.10.10.15;81.15.00
60.10.15;81.15.00
60.10.15.05;81.15.00
60.10.15.10;81.15.00
60.10.15.15;81.15.00
60.10.15.20;81.15.00
60.10.20;81.15.00
60.10.20.05;81.15.00
60.10.25;81.15.00
60.10.25.05;81.15.00
60.10.30;81.15.00
60.10.30.05;81.15.00
60.10.30.10;81.15.00
60.10.35;81.15.00
60.10.35.05;81.15.00
60.10.35.10;81.15.00
60.10.40;"81.23.00;81.27.00;81.29.00"
60.10.40.05;81.23.01
60.10.40.10;81.27.01
60.10.40.15;81.23.03
60.10.40.20;81.29.03
60.10.40.30;Ikke med i KLE
60.15;81.13.00
60.15.05;81.13.00
60.15.05.05;81.13.00
60.15.05.10;81.13.00
60.15.10;81.13.00
60.15.10.05;81.13.00
60.15.10.10;81.13.00
60.15.15;"81.13.00;81.14.01"
60.15.15.05;81.14.01
60.15.15.10;81.13.01
60.25;81.50.00
60.25.10;81.50.00
60.25.10.05;81.50.05
60.25.10.10;81.50.10
60.25.10.15;81.50.15
62;"82;88"
62.05;82.00.00
62.05.05;"82.06.00;88.04.00"
62.05.05.05;82.06.03
62.05.05.10;82.06.02
62.05.05.15;88.04.00
62.05.05.20;88.04.00
62.05.05.25;88.04.28
62.05.15;82.07.00
62.05.15.05;82.07.00
62.05.15.10;"82.07.00;82.12.00"
62.05.18;82.00.00
62.05.18.05;82.00.00
62.05.18.10;"82.16.00;82.16.01;82.16.02;82.16.05"
62.05.18.15;82.03.00
62.05.18.20;82.02.00
62.05.18.25;82.01.00
62.05.20;"82.04.00;82.08.00;82.10.00;82.25.00"
62.05.20.05;82.04.00
62.05.20.10;82.08.00
62.05.20.15;82.10.00
62.05.20.20;82.25.00
62.05.25;82.14.00
62.05.25.05;82.14.00
62.05.25.10;82.14.00
62.05.30;82.13.00
62.05.30.05;"82.13.00;82.13.05;82.13.10"
62.05.30.10;82.13.00
62.05.30.15;83.15.15
63;"83;86;88"
63.05;83.00.00
63.05.05;"83.01.00;83.11.00;83.12.00"
63.05.05.05;"83.11.05;83.12.05"
63.05.05.10;83.01.00
63.05.10;83.01.00
63.05.10.05;83.01.00
63.05.10.10;83.01.00
63.05.10.15;83.15.15
63.05.15;Ikke med i KLE
63.05.15.05;Ikke med i KLE
63.10;"83.00.00;83.15.00"
63.10.05;"83.00.00;88.12.00"
63.10.05.05;"83.00.00;88.12.00"
63.10.10;"83.15.00;88.12.00"
63.10.10.05;"83.15.00;88.12.00"
65;00
65.40;"00.13.00;00.13.04"
65.40.05;"00.13.00;00.13.04"
65.40.05.15;00.13.08
65.40.05.20;00.13.02
65.40.05.25;00.13.10
65.40.10;85.02.01
65.40.10.05;85.02.01
65.40.10.10;85.02.01
65.50;85.08.00
65.50.05;"85.00.00;85.08.00"
65.50.05.05;"85.00.00;85.02.01;85.02.02;85.02.08;85.02.10;85.02.15"
65.50.05.10;"85.08.00;85.08.02;85.08.05;85.08.10;85.08.15;85.08.20"
65.50.10;85.02.00
65.50.10.05;85.02.00
65.50.10.10;85.02.00
67;00
67.50;"00.30.00;00.32.00;00.34.00;00.36.00"
67.50.07;"00.30.00;00.30.12"
67.50.07.05;00.30.04
67.50.07.10;"00.30.02;00.30.10"
67.50.07.15;00.30.10
67.50.07.25;00.30.08
67.50.07.27;00.30.10
67.50.07.30;00.30.10
67.50.07.35;00.30.00
67.50.10;00.32.00
67.50.10.05;00.32.00
67.50.10.10;00.32.00
67.50.10.20;00.32.00
67.50.10.25;00.32.02
67.50.10.30;00.32.00
67.50.10.40;00.32.00
67.50.15;00.30.00
67.50.15.05;00.30.14
67.50.15.10;"00.30.00;00.32.00"
67.50.15.15;"00.30.00;00.32.00"
67.50.15.20;Ikke med i KLE
67.50.18;00.32.00
67.50.18.10;00.32.00
67.50.18.20;00.32.00
67.50.24;00.32.00
67.50.24.05;00.32.00
67.50.24.10;00.32.00
67.50.24.15;00.32.00
67.50.25;"00.32.00;00.32.13"
67.50.25.05;00.32.10
67.50.25.10;00.32.12
67.50.25.15;00.32.00
67.50.25.20;00.32.04
67.50.25.25;00.32.00
67.50.35;00.32.00
67.50.35.05;00.32.00
67.50.40;00.15.15
67.50.40.05;00.15.15
67.50.40.10;00.15.15
67.50.45;00.32.00
67.50.45.05;00.32.18
67.50.45.10;00.32.14
67.50.45.15;Ikke med i KLE
67.50.50;00.34.00
67.50.50.05;"00.30.06;00.34.00;00.34.05"
67.50.50.15;00.34.00
67.50.52;00.36.00
67.50.52.05;00.36.00
67.50.56;88.00.00
67.50.56.02;"88.12.12;88.16.00;88.16.04;88.16.08;88.16.12"
67.50.56.15;"85.11.04;85.11.06"
68;85
68.55;"85.11.00;85.15.00"
68.55.05;85.11.00
68.55.05.05;85.11.08
68.55.05.10;85.11.08
68.55.05.15;85.11.08
68.55.05.17;85.11.06
68.55.05.20;85.11.04
68.55.05.25;85.11.08
68.55.10;"85.11.00;85.15.00"
68.55.10.05;85.15.03
68.55.10.10;85.11.02
68.55.10.15;85.11.08
68.55.10.25;85.11.02
68.55.15;85.11.00
68.55.15.02;85.11.00
68.55.15.05;85.11.20
68.55.15.10;85.11.00
68.55.15.15;85.11.00
68.55.20;85.15.00
68.55.20.10;85.15.03
68.55.20.15;85.15.02
68.55.20.20;85.15.02
68.55.20.25;85.15.02
